month,day,flow
1,1,648000
1,2,648000
1,3,648000
1,4,648000
1,5,648000
1,6,648000
1,7,648000
1,8,648000
1,9,648000
1,10,648000
1,11,648000
1,12,648000
1,13,648000
1,14,648000
1,15,648000
1,16,648000
1,17,648000
1,18,648000
1,19,648000
1,20,648000
1,21,648000
1,22,648000
1,23,648000
1,24,648000
1,25,648000
1,26,648000
1,27,648000
1,28,648000
1,29,648000
1,30,648000
1,31,648000
2,1,648000
2,2,648000
2,3,648000
2,4,648000
2,5,648000
2,6,648000
2,7,648000
2,8,648000
2,9,648000
2,10,648000
2,11,648000
2,12,648000
2,13,648000
2,14,648000
2,15,648000
2,16,648000
2,17,648000
2,18,648000
2,19,648000
2,20,648000
2,21,648000
2,22,648000
2,23,648000
2,24,648000
2,25,648000
2,26,648000
2,27,648000
2,28,648000
2,29,648000
3,1,648000
3,2,648000
3,3,648000
3,4,648000
3,5,648000
3,6,648000
3,7,648000
3,8,648000
3,9,648000
3,10,648000
3,11,648000
3,12,648000
3,13,648000
3,14,648000
3,15,648000
3,16,648000
3,17,648000
3,18,648000
3,19,648000
3,20,648000
3,21,648000
3,22,648000
3,23,648000
3,24,648000
3,25,648000
3,26,648000
3,27,648000
3,28,648000
3,29,648000
3,30,648000
3,31,648000
4,1,648000
4,2,648000
4,3,648000
4,4,648000
4,5,648000
4,6,648000
4,7,648000
4,8,648000
4,9,648000
4,10,648000
4,11,648000
4,12,648000
4,13,648000
4,14,648000
4,15,648000
4,16,648000
4,17,648000
4,18,648000
4,19,648000
4,20,648000
4,21,648000
4,22,648000
4,23,648000
4,24,648000
4,25,648000
4,26,648000
4,27,648000
4,28,648000
4,29,648000
4,30,648000
5,1,648000
5,2,648000
5,3,648000
5,4,648000
5,5,648000
5,6,648000
5,7,648000
5,8,648000
5,9,648000
5,10,648000
5,11,648000
5,12,648000
5,13,648000
5,14,648000
5,15,648000
5,16,648000
5,17,648000
5,18,648000
5,19,648000
5,20,648000
5,21,648000
5,22,648000
5,23,648000
5,24,648000
5,25,648000
5,26,648000
5,27,648000
5,28,648000
5,29,648000
5,30,648000
5,31,648000
6,1,648000
6,2,648000
6,3,648000
6,4,648000
6,5,648000
6,6,648000
6,7,648000
6,8,648000
6,9,648000
6,10,648000
6,11,648000
6,12,648000
6,13,648000
6,14,648000
6,15,648000
6,16,648000
6,17,648000
6,18,648000
6,19,648000
6,20,648000
6,21,648000
6,22,648000
6,23,648000
6,24,648000
6,25,648000
6,26,648000
6,27,648000
6,28,648000
6,29,648000
6,30,648000
7,1,648000
7,2,648000
7,3,648000
7,4,648000
7,5,648000
7,6,648000
7,7,648000
7,8,648000
7,9,648000
7,10,648000
7,11,648000
7,12,648000
7,13,648000
7,14,648000
7,15,648000
7,16,648000
7,17,648000
7,18,648000
7,19,648000
7,20,648000
7,21,648000
7,22,648000
7,23,648000
7,24,648000
7,25,648000
7,26,648000
7,27,648000
7,28,648000
7,29,648000
7,30,648000
7,31,648000
8,1,648000
8,2,648000
8,3,648000
8,4,648000
8,5,648000
8,6,648000
8,7,648000
8,8,648000
8,9,648000
8,10,648000
8,11,648000
8,12,648000
8,13,648000
8,14,648000
8,15,648000
8,16,648000
8,17,648000
8,18,648000
8,19,648000
8,20,648000
8,21,648000
8,22,648000
8,23,648000
8,24,648000
8,25,648000
8,26,648000
8,27,648000
8,28,648000
8,29,648000
8,30,648000
8,31,648000
9,1,648000
9,2,648000
9,3,648000
9,4,648000
9,5,648000
9,6,648000
9,7,648000
9,8,648000
9,9,648000
9,10,648000
9,11,648000
9,12,648000
9,13,648000
9,14,648000
9,15,648000
9,16,648000
9,17,648000
9,18,648000
9,19,648000
9,20,648000
9,21,648000
9,22,648000
9,23,648000
9,24,648000
9,25,648000
9,26,648000
9,27,648000
9,28,648000
9,29,648000
9,30,648000
10,1,648000
10,2,648000
10,3,648000
10,4,648000
10,5,648000
10,6,648000
10,7,648000
10,8,648000
10,9,648000
10,10,648000
10,11,648000
10,12,648000
10,13,648000
10,14,648000
10,15,648000
10,16,648000
10,17,648000
10,18,648000
10,19,648000
10,20,648000
10,21,648000
10,22,648000
10,23,648000
10,24,648000
10,25,648000
10,26,648000
10,27,648000
10,28,648000
10,29,648000
10,30,648000
10,31,648000
11,1,648000
11,2,648000
11,3,648000
11,4,648000
11,5,648000
11,6,648000
11,7,648000
11,8,648000
11,9,648000
11,10,648000
11,11,648000
11,12,648000
11,13,648000
11,14,648000
11,15,648000
11,16,648000
11,17,648000
11,18,648000
11,19,648000
11,20,648000
11,21,648000
11,22,648000
11,23,648000
11,24,648000
11,25,648000
11,26,648000
11,27,648000
11,28,648000
11,29,648000
11,30,648000
12,1,648000
12,2,648000
12,3,648000
12,4,648000
12,5,648000
12,6,648000
12,7,648000
12,8,648000
12,9,648000
12,10,648000
12,11,648000
12,12,648000
12,13,648000
12,14,648000
12,15,648000
12,16,648000
12,17,648000
12,18,648000
12,19,648000
12,20,648000
12,21,648000
12,22,648000
12,23,648000
12,24,648000
12,25,648000
12,26,648000
12,27,648000
12,28,648000
12,29,648000
12,30,648000
12,31,648000
