Tambol_ID,critical_0_level,critical_10_level,critical_20_level,critical_30_level,critical_40_level,critical_50_level
500101,0.0,-0.0761626490999574,-0.15689831059387815,-0.24867793871779778,-0.36430659540828914,-0.5427789765792373
500102,0.0,-0.06086721622843472,-0.12538906550191192,-0.19873696682099917,-0.291144393980561,-0.4337748978286973
500103,0.0,-0.06169541735990887,-0.12709519521110432,-0.2014411184314354,-0.2951059044858569,-0.4396771368901739
500104,0.0,-7.8067868085594725,-16.08231430897327,-25.489865104533905,-37.34197742481407,-55.63566662132517
500105,0.0,-5.526264110377329,-11.384340133387887,-18.043752206874686,-26.433619197467078,-39.38334621476361
500106,0.0,-4.269641263835057,-8.795643390219288,-13.94076494321347,-20.42285150036049,-30.427926850382757
500107,0.0,-0.064999524760276,-0.13390179759776716,-0.21222932797161512,-0.31091034579817667,-0.46322411240208744
500108,0.0,-0.15490983237452308,-0.3191208719912701,-0.5057946153035994,-0.7409757183414836,-1.1039768347337053
500109,0.0,-0.09728674445944437,-0.200414849394645,-0.3176500208781904,-0.4653488694420457,-0.693321466840267
500110,0.0,-4.615697393627783,-9.508533800108731,-15.070669510011971,-22.078131771658555,-32.8941224749776
500111,0.0,-2.1269427650866253,-4.38159295291831,-6.944660523799599,-10.173743777741503,-15.157821201323964
500112,0.0,-0.06276690938732885,-0.12930251455862815,-0.20493963682437696,-0.3002311412932609,-0.4473132072334277
500113,0.0,-0.24665330326137283,-0.5081163410337646,-0.8053453465421592,-1.179809607717666,-1.7577937361184972
500114,0.0,-5.170494025736772,-10.651438561559873,-16.88213069880769,-24.731874447052505,-36.847923343832804
500115,0.0,-6.009401663119495,-12.379624130274873,-19.62124001950843,-28.744597072230757,-42.826463143118154
500116,0.0,-3.4375122695982063,-7.0814221159488016,-11.223788505556312,-16.442552962778233,-24.497695572830718
500203,0.0,-3.170503671558718,-6.531372998152831,-10.351981280294945,-15.165378462599763,-22.594838262923787
500204,0.0,-19.831233915775332,-40.85318899942136,-64.7507725989569,-94.85816730349978,-141.32881374676367
500205,0.0,-35.32777701214364,-72.77672974541642,-115.34838757160294,-168.98233344990717,-251.76611998231508
500206,0.0,-39.40605100139498,-81.17814837533706,-128.66432105288726,-188.48982340363,-280.83025323207096
500207,0.0,-1.3351815575894397,-2.7505310437265647,-4.359488561376027,-6.38653530628857,-9.515274060711125
500209,0.0,-51.60990040702697,-106.3185994640694,-168.5109932797424,-246.8641431046992,-367.8019246352361
500301,0.0,-9.159718560372085,-18.8694115110365,-29.90730965566898,-43.813416721466645,-65.27743880635825
500302,0.0,-10.519621677726228,-21.670870023911846,-34.34751634590246,-50.318201949173286,-74.96889296409985
500303,0.0,-9.639452238148776,-19.85768338009092,-31.47368350863784,-46.10811293961095,-68.69629775797489
500304,0.0,-2.889035661124602,-5.951536873159674,-9.432962765617328,-13.819040673547532,-20.588934838494332
500305,0.0,-4.123426630507231,-8.494434999697953,-13.46336093933458,-19.7234672759932,-29.385917020414404
500307,0.0,-1.2620928024871847,-2.5999650860758097,-4.120847164614411,-6.036931979085662,-8.9944014261237
500308,0.0,-11.611758895415159,-23.920719345292497,-37.91344315256373,-55.54219029775028,-82.75209284365374
500401,0.0,-5.818539012784861,-11.986438917485433,-18.9980562013991,-27.83164928016069,-41.46626578601373
500402,0.0,-1.273801357050212,-2.624085208631214,-4.159076654377526,-6.092937169299182,-9.077843340737273
500403,0.0,-4.392790272493742,-9.049335608625453,-14.342857596112001,-21.011906589732067,-31.305557732139285
500404,0.0,-7.166009867097935,-14.762286437425876,-23.397670428224526,-34.27696762383381,-51.06912046501163
500405,0.0,-6.1437108974745245,-12.656306890348054,-20.05977181882045,-29.387034546215652,-43.78362823164715
500406,0.0,-1.79817255629788,-3.704312278701588,-5.8711960527029525,-8.601146752153442,-12.81481502224665
500407,0.0,-3.320584740414677,-6.840546411025055,-10.842009545917401,-15.88325689613999,-23.664402543055964
500501,0.0,-0.0972775378272468,-0.20039588333903735,-0.31761996039126567,-0.46530483162468106,-0.693255855067817
500502,0.0,-0.2139937696728203,-0.4408363067205834,-0.6987090151085344,-1.0235902058209052,-1.525043058112476
500503,0.0,-2.152043973479478,-4.4333025144585685,-7.026618239769642,-10.293809661456137,-15.336706893502209
500504,0.0,-0.17154530137497925,-0.3533906487513048,-0.5601109263763399,-0.8205476758061263,-1.2225307840210111
500505,0.0,-0.09792638878996433,-0.2017325440392709,-0.3197385174773235,-0.4684084616578852,-0.6978799413575948
500506,0.0,-0.059416983431855544,-0.12240152399121051,-0.19400182555718962,-0.2842075374122212,-0.42343970226458544
500507,0.0,-0.06474189237727536,-0.13337106388347597,-0.21138813493659514,-0.30967802027606006,-0.4613880754097917
500508,0.0,-0.062481006844897345,-0.12871354310829,-0.20400613916159563,-0.29886359193563417,-0.4452757007756532
500509,0.0,-0.39453608642717447,-0.8127611914798615,-1.2881960105370276,-1.8871730449312174,-2.811691764206756
500510,0.0,-0.175038867374804,-0.3605875439459734,-0.5715177353815099,-0.8372583489545872,-1.2474279508134667
500511,0.0,-0.14490985624398636,-0.2985204939923226,-0.47314378867458645,-0.6931431219004278,-1.0327112357282662
500512,0.0,-0.2218481436162722,-0.4570166525602198,-0.7243542565130576,-1.0611598054109506,-1.5810178581106005
500513,0.0,-0.6482853185824419,-1.3354954491525968,-2.116710206790623,-3.100924403981631,-4.6200551833447125
500514,0.0,-0.246938791752755,-0.508704459521254,-0.8062774922908108,-1.1811751765568905,-1.7598282918096233
500601,0.0,-4.924739780474914,-10.145174318410263,-16.07972085795958,-23.556365277446535,-35.09653681369556
500602,0.0,-3.752899008443589,-7.73113227037909,-12.253554736666072,-17.95113322388353,-26.745323424016583
500603,0.0,-3.26597908691179,-6.728056432213612,-10.663717147794346,-15.622063253944415,-23.275251153575816
500604,0.0,-2.3116811341106427,-4.762161884596304,-7.547848009448732,-11.057397472245906,-16.474373396641834
500605,0.0,-2.1880179905030652,-4.507410526233063,-7.144076659435217,-10.465883136051579,-15.593078492629237
500606,0.0,-0.39818655809390524,-0.8202813190509125,-1.3001151307377827,-1.904634240415578,-2.8377071313022357
500607,0.0,-6.4121514336676,-13.209305861908668,-20.93625445168139,-30.67105839472606,-45.69669035893785
500608,0.0,-0.45962797655297377,-0.9468532656761878,-1.5007269197821238,-2.198525199309388,-3.2755741254901856
500609,0.0,-0.80502797859501,-1.6583920243713322,-2.628489170123607,-3.8506670337249234,-5.737093805206102
500610,0.0,-3.5164837236027293,-7.244106684630102,-11.48163744636217,-16.82029483340398,-25.060491713591183
500611,0.0,-0.21989761922729145,-0.45299848899816203,-0.7179856179454319,-1.051829918546356,-1.5671172960351616
500612,0.0,-6.408169834886511,-13.201103598337248,-20.923254171499654,-30.652013328497908,-45.66831518899448
500613,0.0,-6.16570409127987,-12.70161380907266,-20.131581586022172,-29.492233953695095,-43.94036441882608
500701,0.0,-12.784521739792957,-26.336660901745667,-41.742619923475914,-61.151832873284796,-91.10987745282765
500702,0.0,-3.013046283768239,-6.207004053180497,-9.837868666115313,-14.412217096159527,-21.472706078582473
500703,0.0,-1.7220528629962335,-3.5475024588871773,-5.622658368552271,-8.237045625972137,-12.27234217346786
500704,0.0,-3.10618029332823,-6.39886409128945,-10.141959631904935,-14.857702308930866,-22.136432760769544
500705,0.0,-0.9818998459538438,-2.022755626584862,-3.205991816259732,-4.696693118458882,-6.997584771384171
500706,0.0,-1.5224539313904601,-3.1363201334905364,-4.970949801839271,-7.282309832512559,-10.849885035965912
500707,0.0,-0.3322998155024051,-0.6845518148214454,-1.0849889562926038,-1.589480091240045,-2.3681601927888525
500708,0.0,-0.28353565768670624,-0.5840955666574003,-0.9257695699894538,-1.3562279063209717,-2.0206386716004796
500709,0.0,-4.389208400492196,-9.041956799295061,-14.33116246002336,-20.994773525041015,-31.280031245833836
500710,0.0,-3.811498483672829,-7.851849692551328,-12.444887323992793,-18.231430397967628,-27.16293709119961
500711,0.0,-4.921903649117687,-10.139331766663052,-16.070460632531727,-23.542799292398854,-35.076324905447734
500801,0.0,-3.1920569205568783,-6.575773611781466,-10.42235458790534,-15.26847349481433,-22.748439149597587
500802,0.0,-0.5133850938772794,-1.057595223712744,-1.6762487705265012,-2.4556600629573055,-3.6586783566316528
500803,0.0,-1.2136043719604803,-2.500076847905365,-3.9625280528511526,-5.804998672528906,-8.64884489666689
500804,0.0,-0.5135075439188427,-1.057847476029076,-1.6766485809886074,-2.4562457746975968,-3.659551006270646
500805,0.0,-1.6357103314790273,-3.369633155658649,-5.340742192905653,-7.824045893587778,-11.657015481894105
501101,0.0,-0.9375915758539377,-1.9314786974579785,-3.0613213064126388,-4.484754652304128,-6.6818184767105135
501102,0.0,-0.8231453013733888,-1.6957144832143929,-2.687643867824567,-3.9373270994829035,-5.866208299413076
501103,0.0,-0.475042283118551,-0.9786073956558466,-1.5510560250429084,-2.272256005837863,-3.3854253667641356
501104,0.0,-0.3972774686092944,-0.8184085558789422,-1.2971468713374783,-1.9002858189915097,-2.8312284351709023
501105,0.0,-0.7783891405749773,-1.6035148801159935,-2.54151095433223,-3.723246250711266,-5.5472500772286635
501106,0.0,-0.24259591310933076,-0.4997579440005921,-0.7920976006784419,-1.1604020108181199,-1.7288784331408162
501107,0.0,-0.793792746310762,-1.6352469659291715,-2.5918051204157826,-3.7969258722702603,-5.6570250582160835
501108,0.0,-1.9246239021686498,-3.964807452830937,-6.2840711353167995,-9.205997815546954,-13.71598026413215
501109,0.0,-1.0007997652409462,-2.061690267666151,-3.2677017623526123,-4.7870965554498826,-7.132276499801077
501110,0.0,-3.571262418009896,-7.35695313509617,-11.660494838690374,-17.082316177149455,-25.450876292384482
501111,0.0,-1.253775969590641,-2.582832055037896,-4.093691952895626,-5.997150312968152,-8.935130876828046
501201,0.0,-0.8052827039710425,-1.65891676952709,-2.6293208715179186,-3.851885454244734,-5.738909125189658
501202,0.0,-0.1359233646677166,-0.28000793746829233,-0.4438020807915177,-0.6501582967990917,-0.9686683123472257
501203,0.0,-4.002228315935227,-8.244761294438359,-13.067637479082016,-19.14374288519632,-28.52218791009703
501204,0.0,-0.24718656190968416,-0.5092148766285521,-0.807086484265605,-1.1823603283784374,-1.761594044889304
501205,0.0,-3.539934365177659,-7.292416008018002,-11.558205912367201,-16.932465608623342,-25.227614514394258
501206,0.0,-5.008205129459277,-10.317116502716223,-16.352242772376613,-23.955602665882846,-35.69135904266116
501207,0.0,-0.8459455782893355,-1.7426840276230922,-2.762088834388312,-4.046387004249522,-6.028696226453518
501208,0.0,-3.9715238643516857,-8.181508812570945,-12.967384667244621,-18.99687517047702,-28.30337027436762
501210,0.0,-0.3960197762461794,-0.8158176558859471,-1.2930403920054623,-1.894269935506731,-2.822265393814408
501214,0.0,-3.1484972321031988,-6.486038792823052,-10.280128264847253,-15.060115697585156,-22.438007679600155
501215,0.0,-0.09619015221481025,-0.19815582252745143,-0.31406954800556697,-0.46010357149200354,-0.6855065178685463
501301,0.0,-0.7643321554901542,-1.574556890367534,-2.495613626484654,-3.6560078807428575,-5.447071891880668
501302,0.0,-0.3120309797414608,-0.6427971473278915,-1.0188093740852404,-1.4925287556940823,-2.223712775835965
501303,0.0,-0.16134956175936283,-0.3323869896106436,-0.5268209142604626,-0.7717786895519871,-1.1498700614827273
501304,0.0,-0.8361548033935413,-1.7225146131041855,-2.7301210687143445,-3.9995550740206434,-5.958921516137411
501305,0.0,-0.18034781793634166,-0.3715242088857457,-0.5888519391940007,-0.8626524985426139,-1.2852625953085568
501306,0.0,-0.2425666757802651,-0.49969771385378275,-0.7920021381543362,-1.160262160748084,-1.7286700710665488
501310,0.0,-0.2405939193431939,-0.49563375132297,-0.7855609099386621,-1.1508259319712204,-1.7146110705904978
501311,0.0,-0.15126957233786673,-0.31162178081438363,-0.4939088369987454,-0.7235633678517489,-1.0780342416053403
501312,0.0,-0.9308872794545419,-1.917667560487082,-3.0394311722214447,-4.452686185349067,-6.634039792784065
501313,0.0,-0.763524787446589,-1.5728936777093634,-2.4929774967907288,-3.652146020544079,-5.441318121422475
501401,0.0,-0.7210402280536656,-1.485373670542508,-2.354261567368416,-3.448930857038614,-5.138548641366092
501402,0.0,-0.7029620982846084,-1.448131950972862,-2.295234838388154,-3.362458262067937,-5.009713459154436
501403,0.0,-1.203360433392074,-2.478973896863037,-3.929080666794508,-5.755999137618692,-8.575840680584506
501404,0.0,-1.122388607030253,-2.312168475675584,-3.664700329295397,-5.368688943784025,-7.998788732368518
501405,0.0,-1.9416324930536784,-3.9998458766118783,-6.3396057230939675,-9.28735451612449,-13.83719329522715
501406,0.0,-1.9041931080871783,-3.9227191442787066,-6.217362744542732,-9.10827178945324,-13.5703786387516
501407,0.0,-0.27777122890473555,-0.5722205971268245,-0.9069481885862849,-1.3286550809419964,-1.9795580265360513
501408,0.0,-0.1744052706955076,-0.35928230772120623,-0.569448984910671,-0.8342276842938354,-1.2429125753477162
501409,0.0,-1.9618496536571908,-4.04149409107371,-6.405616581237962,-9.38405867538531,-13.981272445196197
501410,0.0,-0.7689384005766708,-1.5840459520112187,-2.5106534333569255,-3.6780407995674467,-5.479898651762029
501411,0.0,-0.8299299842300568,-1.7096912197211467,-2.709796471070232,-3.9697800766527727,-5.9145598636099015
501412,0.0,-0.14629541461087578,-0.30137480341515865,-0.47766776207523665,-0.6997706231408126,-1.0425855239949995
501501,0.0,-0.3086551212380096,-0.6358427346038761,-1.0077868907031378,-1.4763811094067487,-2.1996544605694526
501502,0.0,-0.06903669836900274,-0.14221854768811779,-0.22541106499269017,-0.3302212414911188,-0.49199534062895106
501503,0.0,-0.8686079685637033,-1.7893695196600206,-2.83608358859456,-4.154787359833707,-6.190201493737709
501504,0.0,-2.2143616430522166,-4.561679575808916,-7.230091067962722,-10.591891966944589,-15.78081855864534
501505,0.0,-0.559947785198582,-1.153516356858055,-1.8282801695885005,-2.6783820369008344,-3.99051095753006
501506,0.0,-3.9867813719762477,-8.212939930034116,-13.017201809779507,-19.06985596516846,-28.412104075928813
501507,0.0,-0.0508350149028917,-0.10472230222468441,-0.16598092201531248,-0.24315765569678005,-0.36227964349256425
501508,0.0,-0.0998787283766523,-0.20575444698614548,-0.3261130828296597,-0.47774703110514355,-0.7117934395791032
501509,0.0,-0.11868303616868225,-0.2444921243033391,-0.38751084874244807,-0.5676931323986164,-0.8458037853227718
501510,0.0,-0.3634064434831176,-0.7486327972468425,-1.1865549104462296,-1.7382715246815579,-2.589843969544612
501511,0.0,-0.3555181862655525,-0.7323826504151375,-1.1607990370867645,-1.7005398522069772,-2.533627697787513
501601,0.0,-39.357787283326054,-81.0787230544287,-128.50673564762536,-188.2589649576697,-280.4862981332275
501602,0.0,-58.64206045722248,-120.80514956099944,-191.47163194819493,-280.5008707727543,-417.9171540855291
501603,0.0,-11.215132118110153,-23.103651241296042,-36.61842084719402,-53.64501691164456,-79.92550161010837
501604,0.0,-1.8435573089494288,-3.797806807869075,-6.019381375456,-8.818234326145696,-13.138252952618263
501605,0.0,-0.3198119976490369,-0.6588263766000662,-1.044215101397099,-1.5297474734805354,-2.2791647984025127
501606,0.0,-42.31367148447952,-87.16797077562401,-138.15796494332167,-202.39776031824192,-301.55163423364564
501701,0.0,-19.981195930306356,-41.16211715529856,-65.24041214143921,-95.5754762679328,-142.39752957709257
501702,0.0,-59.13444173412365,-121.81947602451912,-193.07930135636275,-282.8560638857884,-421.4261471250496
501703,0.0,-25.13156397440208,-51.77209533495418,-82.05682968966308,-120.21108268941707,-179.10202356484504
501704,0.0,-29.159087076286955,-60.068964968968864,-95.2070569329484,-139.4758173922536,-207.80447671246708
501705,0.0,-36.93121450476309,-76.07987947442204,-120.5837560263441,-176.6520096073049,-263.19314059593034
501706,0.0,-8.743719236104589,-18.012435132758167,-28.54903423209399,-41.823579192087365,-62.31278762691691
501801,0.0,-0.8155396184012553,-1.680046451399031,-2.662810624937112,-3.9009470562192257,-5.812005814749198
501802,0.0,-1.7758544844107318,-3.6583360972506167,-5.798325529176812,-8.494393364746793,-12.655763566430956
501803,0.0,-2.262716880281986,-4.661293430098043,-7.38797529156329,-10.823188173858528,-16.125425875827474
501804,0.0,-4.546297119390837,-9.365566270601741,-14.844071336922648,-21.746171448239643,-32.39953608296266
501805,0.0,-0.631209426241664,-1.3003183814978885,-2.0609558736725795,-3.0192457822984107,-4.498362523249072
501806,0.0,-0.15750590315769633,-0.32446888870123813,-0.5142710212421289,-0.7533934285922855,-1.1224779328371695
501901,0.0,-0.23524281141700137,-0.48461024041116807,-0.7680890585171656,-1.12523013228081,-1.676475988393817
501902,0.0,-0.17821950979946155,-0.3671398032086081,-0.5819028206077886,-0.8524722238214845,-1.270095043680134
501903,0.0,-1.5693422312292715,-3.232912034090969,-5.124044342164342,-7.506589280255271,-11.18403811100732
501904,0.0,-0.0712581325821787,-0.14679479706050136,-0.23266424864186683,-0.34084696347806687,-0.5078265624025438
501905,0.0,-6.218141043518812,-12.809636170639735,-20.302792978345327,-29.743054109893766,-44.31406039195109
501906,0.0,-0.3579378096625949,-0.7373671779723543,-1.1686993263487644,-1.7121135667818193,-2.550871330022918
501907,0.0,-0.18795009491491305,-0.3871852242088754,-0.6136740612043806,-0.8990162500158503,-1.3394408068973547
501908,0.0,-0.10315718778971798,-0.21250821342335952,-0.33681754937127306,-0.49342879114201815,-0.7351576327368929
501909,0.0,-4.202731535926886,-8.657806492538507,-13.722298629173693,-20.10280413512337,-29.95108952833099
501910,0.0,-1.0254261892610084,-2.112421753117048,-3.348109264398165,-4.9048914168136895,-7.3077786046303475
501911,0.0,-6.833103333376134,-14.07648475715523,-22.31070048206399,-32.68458543489244,-48.69663644816876
501912,0.0,-1.3263636405678882,-2.7323657579862712,-4.330697264662778,-6.344356818976527,-9.452432496859574
502001,0.0,-3.8442804305220886,-7.919381903410706,-12.551923345795702,-18.388235335671872,-27.39656015672302
502002,0.0,-1.7311434532253787,-3.5662294630829243,-5.6523399679533775,-8.280528383147315,-12.33712696390498
502003,0.0,-2.3336161987177637,-4.807349054689456,-7.619467979560086,-11.162318832013652,-16.630695321618827
502102,0.0,-1.5305846202586055,-3.1530696998784156,-4.997497236467399,-7.321201121285757,-10.907829015526605
502201,0.0,-1.8504300923771984,-3.811965035315699,-6.04182163503558,-8.851108712227818,-13.187232372310973
502202,0.0,-1.013549898140585,-2.087956086088188,-3.3093320996022917,-4.84808389717922,-7.2231413025396565
502203,0.0,-0.48248619335965254,-0.9939421687348197,-1.575361065330149,-2.307862246278653,-3.438474965618163
502204,0.0,-2.2603212891456557,-4.656358410024481,-7.380153469806388,-10.811729412100892,-16.108353511346387
502205,0.0,-1.603316748190522,-3.3029009903241926,-5.234974213258615,-7.669098604065034,-11.426160119155954
502301,0.0,-0.19732946167711377,-0.4065071203984144,-0.6442985421076269,-0.943880303624838,-1.4062835855074736
502302,0.0,-0.20604460290457052,-0.42446068361258826,-0.6727542665564192,-0.9855671864551644,-1.46839270975779
502303,0.0,-0.26558903726576666,-0.5471247619625753,-0.8671722309266706,-1.270384356209464,-1.892740700872738
502304,0.0,-0.39832597175076323,-0.8205685171393879,-1.3005703289382953,-1.905301093726007,-2.83870067345032
502305,0.0,-0.9987164760641397,-2.057398602969845,-3.260899634743298,-4.777131618617693,-7.117429779254085
502306,0.0,-0.5761142556518977,-1.1868199765767198,-1.8810651579808615,-2.7557106471870467,-4.105722552599881
502401,0.0,-3.6690718033971503,-7.558444647127811,-11.97985132947413,-17.55016497981706,-26.147922399993778
502402,0.0,-6.4512737928945665,-13.289899593110192,-21.063992493429005,-30.85819124347468,-45.975498860920354
502403,0.0,-0.09510835542803453,-0.19592727493546525,-0.3105373836411965,-0.4549290442273773,-0.6777970098651914
502404,0.0,-0.3646138906645598,-0.7511201900192628,-1.1904973347150807,-1.7440470718428605,-2.598448934749493
502501,0.0,-0.6157138152931625,-1.2683967610163178,-2.0103613022470377,-2.9451260748679196,-4.387931860036986
502502,0.0,-2.177355244805301,-4.485444814614029,-7.1092618302173936,-10.41488033311915,-15.517089615328482
502503,0.0,-1.48988919730351,-3.0692353902002165,-4.8646229993536085,-7.126543882328459,-10.617809953899213
510101,0.0,-1.7380270982280754,-3.580410065837874,-5.674815691557595,-8.313454723086469,-12.386183789446788
510102,0.0,-0.46078164157650947,-0.9492298649059026,-1.5044937404404646,-2.2040434918311504,-3.28379580801029
510103,0.0,-0.5575770278012178,-1.1486324953475895,-1.8205394322356971,-2.6670420616481456,-3.9736155725997095
510104,0.0,-0.22727168788041544,-0.4681893854224708,-0.7420626191303005,-1.0871020877404827,-1.6196691634408598
510105,0.0,-0.15794275177110842,-0.3253688155057756,-0.5156973714807146,-0.7554829939230833,-1.1255911680792456
510106,0.0,-1.2012401128549544,-2.4746059459826126,-3.922157628444044,-5.745857069752347,-8.56073005320011
510107,0.0,-0.709962965267366,-1.4625540360141205,-2.31809330236076,-3.3959453065120897,-5.059605676152842
510108,0.0,-0.9012874931090267,-1.8566907361981055,-2.9427851923103536,-4.311102383895482,-6.423094638834688
510109,0.0,-1.358413496272727,-2.7983898298153274,-4.435342942656751,-6.497659966295273,-9.68083825853619
510110,0.0,-0.16438390961989877,-0.3386378758219073,-0.5367283345015905,-0.7862927978638644,-1.171494574886477
510111,0.0,-0.21545186977481004,-0.44384005521649905,-0.7034698438361584,-1.0305646938435473,-1.535434320633681
510112,0.0,-0.21243808953219603,-0.4376315391767437,-0.6936295787280202,-1.0161489660232805,-1.5139563839409342
510113,0.0,-0.245353762978949,-0.5054392325393713,-0.8011022299681839,-1.173593554291473,-1.7485324623464709
510116,0.0,-0.29329836591126734,-0.6042071626346396,-0.9576456954430326,-1.4029255860535474,-2.0902133626254003
510117,0.0,-0.09251812530227692,-0.19059129022926938,-0.3020800479774544,-0.44253927142417177,-0.6593375356560123
510201,0.0,-1.8272038286461671,-3.7641179398710016,-5.965985782987309,-8.740011197056019,-13.02170861746963
510202,0.0,-1.9915999354954133,-4.102780942506395,-6.502753942546038,-9.526362337574051,-14.193290116849155
510203,0.0,-0.6570290052905129,-1.353507817276216,-2.145259134815745,-3.1427478275833165,-4.682367739158096
510204,0.0,-0.41344035499416765,-0.8517047922635144,-1.3499201574221724,-1.9775972857068587,-2.946414488101313
510205,0.0,-0.5621662621794892,-1.1580865142056407,-1.8355236976068188,-2.6889936136442496,-4.006321104360445
510206,0.0,-0.41444050473018307,-0.8537651434432086,-1.3531857367803044,-1.982381272996325,-2.953542132117844
510301,0.0,-8.5624637787809,-17.63904114796276,-27.957218768198427,-40.95658520832896,-61.0210566697067
510302,0.0,-5.332424442817521,-10.985022137945029,-17.41084815823461,-25.5064315250542,-38.00193291543772
510303,0.0,-8.649149829477825,-17.81761811537565,-28.24025656504036,-41.37122808606474,-61.63883147713522
510304,0.0,-19.37843108019456,-39.92039581569818,-63.27233038182735,-92.6922886034935,-138.10187951334234
510305,0.0,-47.590304237640346,-98.03805964961673,-155.3866481881064,-227.63732506868814,-339.1559633817335
510401,0.0,-3.736148304767128,-7.696625105263994,-12.19886217395245,-17.87101006772787,-26.62594824594788
510402,0.0,-4.646456968505291,-9.571899838316423,-15.171102304390425,-22.2252631560347,-33.113332951101064
510403,0.0,-0.9411491098897098,-1.9388073695392278,-3.072936976841501,-4.501771301907797,-6.707171516631012
510404,0.0,-0.4303272249183396,-0.8864924656655235,-1.4050573152516919,-2.0583717619347497,-3.0667600654070513
510405,0.0,-23.41049594067575,-48.22662166643207,-76.43738687776126,-111.97874776879219,-166.83669985291363
510406,0.0,-1.3693487346328852,-2.8209168879589908,-4.471047485066023,-6.549966175494206,-9.758769075753259
510408,0.0,-4.14522926876149,-8.53934936584734,-13.534548525425016,-19.827755204619518,-29.54129519880264
510409,0.0,-5.355772158310123,-11.033119429206632,-17.487080561270517,-25.618109976922497,-38.16832220559891
510501,0.0,-1.281109297748315,-2.6391398786433844,-4.182937741807547,-6.127893030559698,-9.129923942185524
510502,0.0,-1.9222064879660747,-3.959827476308694,-6.276178059274572,-9.194434668148077,-13.69875237589103
510503,0.0,-0.6824816039930939,-1.4059412578648935,-2.228364171932589,-3.264494506397774,-4.863757641404507
510601,0.0,-6.824814464902235,-14.059409334022524,-22.283636576714702,-32.644937530188514,-48.63756518948187
510602,0.0,-0.3632492768342988,-0.7483090272365713,-1.1860417471210918,-1.7375197539984273,-2.5887239093339134
510603,0.0,-0.10628457281517673,-0.2189507601686426,-0.34702874437168985,-0.5083879214325161,-0.7574451826520741
510604,0.0,-1.677938499890486,-3.4566249864514065,-5.478620982581253,-8.02603466953117,-11.957957771901716
510605,0.0,-6.941416751432735,-14.299615025187604,-22.664353589671162,-33.20267787305656,-49.468540352474974
510606,0.0,-0.9455175314052003,-1.947806504467464,-3.0872002682416855,-4.522666646127351,-6.738303408542135
510607,0.0,-1.9625179457887039,-4.042870801412133,-6.407798615498717,-9.387255297798616,-13.986035080470641
510608,0.0,-1.3628838609839558,-2.807598972081502,-4.449939087812445,-6.519042932452919,-9.712696656472323
510611,0.0,-0.25403397791872223,-0.523320846108967,-0.8294439169283797,-1.2151133752206364,-1.810392681721384
510701,0.0,-0.19690793213692837,-0.4056387515391104,-0.6429222100288361,-0.9418640135736946,-1.4032795228189572
510702,0.0,-0.14089512073466004,-0.29024996734522746,-0.4600353140777256,-0.6739395537190231,-1.0040999143425229
510801,0.0,-30.712948420273488,-63.26998571404109,-100.28055477791838,-146.90835739255405,-218.87818908988388
510802,0.0,-0.27080520560736027,-0.5578702915658749,-0.8842034923982894,-1.295334703289809,-1.9299141257413956
510803,0.0,-16.546490438939806,-34.08647712240442,-54.025788020700574,-79.14634888624614,-117.91983672520271
520113,0.0,-1.7562250388459937,-3.6178986008741467,-5.734233613797059,-8.400500405823362,-12.515872812887663
520115,0.0,-1.3902554991155531,-2.8639857158697644,-4.539309962254612,-6.649968897034101,-9.907762740805438
520402,0.0,-0.4798345621046828,-0.9884796950795681,-1.566703249425398,-2.2951787752309425,-3.419577911539213
520403,0.0,-1.6798102677026254,-3.460480908100918,-5.484732473801448,-8.034987842340854,-11.971297069175025
520404,0.0,-0.6656672076478853,-1.3713028831314105,-2.1734636468940915,-3.184066690942863,-4.743928552633288
520806,0.0,-0.8340226554411502,-1.7181222972430694,-2.723159412783153,-3.989356432421099,-5.943726599768424
520807,0.0,-1.6603711165268211,-3.420435426294477,-5.421261886814928,-7.942005113061177,-11.832762463230257
520901,0.0,-13.154297190969436,-27.098414126906412,-42.94997022015909,-62.92056908815659,-93.74511064554765
520902,0.0,-0.8553832702302214,-1.7621260761722055,-2.792903752275857,-4.0915300429978725,-6.0959546639354025
521203,0.0,-2.3411229139189125,-4.822813208668973,-7.643978083722997,-11.198225485602354,-16.684192504851044
521205,0.0,-1.8939121912843515,-3.901540016493869,-6.1837946212057835,-9.059095377624418,-13.497110894437576
521206,0.0,-2.380155336643663,-4.903221666834104,-7.771422474655536,-11.384928143682547,-16.96236006743337
521301,0.0,-0.0,-0.0,-0.0,-0.0,-0.0
521302,0.0,-0.5776812267574537,-1.1900480039906363,-1.8861814603832192,-2.7632058947304863,-4.116889692701412
521303,0.0,-0.9426793382504336,-1.941959705329246,-3.0779333108583615,-4.50909079894316,-6.718076806735564
521304,0.0,-0.38963021309299944,-0.802654882846749,-1.2721778903328298,-1.8637069229803909,-2.7767296805736597
571101,0.0,-0.5316011272355807,-1.0951210305670753,-1.7357257671999216,-2.5427922881756944,-3.788496319378403
571102,0.0,-0.44062309729320365,-0.9077024025676167,-1.4386742698841712,-2.1076197103185077,-3.140134391755454
571103,0.0,-0.37033332601305646,-0.7629024711548927,-1.2091718084880083,-1.771404681433541,-2.639208930649765
571104,0.0,-1.3949663209567327,-2.873690210095271,-4.554691221690504,-6.672502034822975,-9.941334774972038
571106,0.0,-1.6165138660627756,-3.33008761688372,-5.2780639968765755,-7.732223996078812,-11.520210394680067
571107,0.0,-0.6623457032176768,-1.3644604421201234,-2.162618634477805,-3.1681790349211463,-4.720257595850182
580102,0.0,-1.564438219186569,-3.222809559797799,-5.108032299245167,-7.4831320613660814,-11.149089292011055
580109,0.0,-1.2908687008690662,-2.6592446659655913,-4.214803075798218,-6.174574901084865,-9.199475079133945
580204,0.0,-2.9434900536291573,-6.063715247853123,-9.61076128289829,-14.079510793387051,-20.97700825483619
580206,0.0,-2.9410405194317155,-6.058669102769381,-9.60276333216736,-14.067794007346233,-20.959551460981263
580302,0.0,-3.936575700092474,-8.109514101312527,-12.853275749649782,-18.8297086277228,-28.054309493865585
580304,0.0,-5.65247319726616,-11.644336243665842,-18.455836291998605,-27.037311470482894,-40.28278497938187
580306,0.0,-0.7408576162596155,-1.5261983367882404,-2.4189671324723587,-3.54372279655898,-5.279778782596893
580307,0.0,-0.9760864384999483,-2.0107797588978937,-3.187010515062289,-4.668886014815857,-6.9561550760472555
580408,0.0,-0.39840683679770583,-0.8207351025904105,-1.3008343606313315,-1.9056878931649357,-2.839276964426792
580504,0.0,-2.9434900536291573,-6.063715247853123,-9.61076128289829,-14.079510793387051,-20.97700825483619
580505,0.0,-0.3712064378761428,-0.7647011188896627,-1.212022597699626,-1.775581012141709,-2.6454312294942186
580506,0.0,-0.7152774444819769,-1.473502090215392,-2.335445557725638,-3.421365901146371,-5.097479721019274
580508,0.0,-1.425343160229374,-2.93626779660758,-4.653874349698148,-6.81780269105615,-10.15781765637073
600101,0.0,-48.11280875074312,-99.1144412664892,-157.09267268731486,-230.1366057857246,-342.8796319808621
600109,0.0,-8.225821652187804,-16.945543986803525,-26.858051773404465,-39.34633466610871,-58.621950662957246
600110,0.0,-8.211383016370391,-16.915799780242917,-26.810908321392198,-39.2772707572355,-58.5190526143102
600111,0.0,-48.11280875074312,-99.1144412664892,-157.09267268731486,-230.1366057857246,-342.8796319808621
600113,0.0,-48.11280875074312,-99.1144412664892,-157.09267268731486,-230.1366057857246,-342.8796319808621
600117,0.0,-48.11280875074312,-99.1144412664892,-157.09267268731486,-230.1366057857246,-342.8796319808621
600501,0.0,-9.3437347869375,-19.248492798401937,-30.5081392808683,-44.69361621284653,-66.58884459790399
600502,0.0,-2.3866809155850848,-4.916664638207282,-7.79272908018029,-11.416141756592694,-17.008865107650177
600503,0.0,-48.11280875074312,-99.1144412664892,-157.09267268731486,-230.1366057857246,-342.8796319808621
600504,0.0,-0.18138163304571292,-0.37365391217264027,-0.5922274390413912,-0.8675975164382285,-1.2926301581975557
600505,0.0,-7.047233523269935,-14.517602095358512,-23.00985492153412,-33.708828175608566,-50.22265171547832
600506,0.0,-9.908509106526006,-20.411952022278818,-32.35217852183129,-47.395084872022096,-70.61375222397886
600507,0.0,-3.008586385891258,-6.1978164730399845,-9.823306696120229,-14.390884195707242,-21.44092227334562
600508,0.0,-1.6753768521925354,-3.4513478827674517,-5.470256971129768,-8.01378161422776,-11.939701992562615
600513,0.0,-1.0855808055625495,-2.2363428323293526,-3.5445195279985633,-5.192627252185501,-7.73647510427305
600601,0.0,-7.468221349438216,-15.384855000646827,-24.384418255057575,-35.722527061770194,-53.22285383738777
600602,0.0,-5.028453701417612,-10.358829425910791,-16.418356191435464,-24.052457074168192,-35.83566204806623
600603,0.0,-0.11872533155366984,-0.24457925460315,-0.38764894700032493,-0.5678954426896632,-0.8461052066368789
600604,0.0,-48.11280875074312,-99.1144412664892,-157.09267268731486,-230.1366057857246,-342.8796319808621
600605,0.0,-2.253100523764618,-4.641483324889342,-7.3565770176721585,-10.77719053401177,-16.056894171499962
620101,0.0,-45.36290205170738,-93.4495159984192,-148.11397856803617,-216.9830566503556,-323.2822103912834
620102,0.0,-2.2308211396337105,-4.595586841868856,-7.2838328131697025,-10.670622200629984,-15.898118426954644
620103,0.0,-0.8259920300244998,-1.7015788658396913,-2.696938694375546,-3.9509437742597533,-5.886495730090821
620104,0.0,-3.041975296623693,-6.266599055426446,-9.932324509905534,-14.55059240618927,-21.67887091366487
620105,0.0,-4.675713637509736,-9.632169826225814,-15.26662797514573,-22.36520573424004,-33.3218328529297
620106,0.0,-4.372471739805504,-9.007478563338767,-14.276515748941616,-20.914717540311937,-31.160756146211785
620107,0.0,-6.085497877775065,-12.536385583075427,-19.869701043755878,-29.10858589368372,-43.36876866951991
620110,0.0,-11.862505656803293,-24.437268384928075,-38.73215401016965,-56.74158002526722,-84.53905892394579
620111,0.0,-38.0867655387711,-78.46036396627471,-124.35673467947886,-182.1793234283813,-271.42826391472124
620113,0.0,-5.009138348225381,-10.319038973238802,-16.355289816063642,-23.960066504200814,-35.698009697972864
620114,0.0,-0.2331265588380503,-0.48025066969834285,-0.7611793024180954,-1.1151075225610532,-1.6613943516261842
620115,0.0,-3.495834088500606,-7.201567554227073,-11.414214519860082,-16.72152203138911,-24.913330500845607
620117,0.0,-0.1701225756742775,-0.3504597730331344,-0.5554655982687655,-0.8137423931334833,-1.2123916198912763
620118,0.0,-6.791889545435646,-13.991582593464072,-22.176133736383413,-32.48744871570121,-48.402923218604855
620301,0.0,-0.3583073249398912,-0.738128395228208,-1.1699058271541942,-1.713881058514499,-2.55350470906647
620302,0.0,-1.3832768591306945,-2.8496094193936505,-4.516524071440722,-6.616588170345782,-9.858028926217067
620303,0.0,-0.7936075064173765,-1.6348653638358852,-2.5912002954077273,-3.796039819648791,-5.65570493186883
620304,0.0,-0.4312685280478696,-0.8884315903221012,-1.4081307551165911,-2.062874269954346,-3.0734683345564946
620403,0.0,-6.928156887372972,-14.272299138801474,-22.621058934075183,-33.13925234901985,-49.374042911419686
620404,0.0,-1.7909063401978669,-3.689343563143836,-5.847471199859955,-8.56639047095552,-12.763031774355776
620405,0.0,-4.329947727919812,-8.91987728235151,-14.13767100356168,-20.711313664839505,-30.857705504931346
620406,0.0,-0.24183015900607777,-0.49818045783709164,-0.7895973442638872,-1.156739201375792,-1.7234212276288399
620408,0.0,-0.2489730478791663,-0.5128951140391962,-0.8129195225552269,-1.1909055750180673,-1.7743255745517779
620410,0.0,-0.3716175147826227,-0.7655479548770272,-1.2133648009838598,-1.7775473044125323,-2.6483608006847073
620411,0.0,-0.31547817174342363,-0.6498985101060016,-1.0300647677925618,-1.5090176094405636,-2.2482794547659735
620413,0.0,-3.3241451296034823,-6.847880964843518,-10.853634538679184,-15.900287202714543,-23.68977593044415
620501,0.0,-0.9261943495669177,-1.9079999244501922,-3.0241083316323536,-4.430238629623866,-6.60059526700057
620502,0.0,-46.299446307947974,-95.37883717273523,-151.1718802811744,-221.46280168906105,-329.9565650642187
620504,0.0,-4.9027187557060055,-10.099810066711859,-16.007820220144335,-23.451032746924472,-34.93960228701428
620505,0.0,-5.690380708364602,-11.722427335827806,-18.579607744715677,-27.218633371334196,-40.55293577274089
620506,0.0,-47.06169265569783,-96.94909721005808,-153.66068355671212,-225.10883258599986,-335.38877228681594
620507,0.0,-15.388472869800978,-31.700911462819008,-50.244755907249576,-73.60723695905628,-109.66713545409762
620508,0.0,-0.18073549133042524,-0.3723228326378434,-0.5901177278932608,-0.864506845469854,-1.2880253795679582
620509,0.0,-0.5087435141869106,-1.048033371275732,-1.661093592976408,-2.43345812914464,-3.6255997819783095
620513,0.0,-46.299446307947974,-95.37883717273523,-151.1718802811744,-221.46280168906105,-329.9565650642187
620516,0.0,-0.3080203307674927,-0.6345350391181993,-1.0057142423959777,-1.4733447345189985,-2.195130577458753
620601,0.0,-0.13031639042929544,-0.26845733102343106,-0.4254948027158245,-0.6233386191817814,-0.9287097791974369
620603,0.0,-0.8721053535371648,-1.7965742821035164,-2.847502866894105,-4.171516300168248,-6.215125876739509
620604,0.0,-0.9015538864002903,-1.8572395177576593,-2.9436549905033336,-4.312376615216565,-6.424993111113533
620609,0.0,-1.1396424246130463,-2.3477120769292954,-3.7210356044231148,-5.4512186301284915,-8.121749390385844
620901,0.0,-0.7496437577013456,-1.544298163476741,-2.447654679043184,-3.5857492926596017,-5.342393895334948
620902,0.0,-0.571990768920414,-1.178325417766443,-1.8676016008064025,-2.7359868924317925,-4.0763362072652365
620903,0.0,-0.2999666492811754,-0.6179441112264187,-0.9794182438353368,-1.4348217929268228,-2.137735396927396
621101,0.0,-1.5465571487797063,-3.185973790932079,-5.04964898690777,-7.39760205473999,-11.021658468500169
621102,0.0,-3.859117393863629,-7.949946681686417,-12.600367373205561,-18.45920455306425,-27.502296917106655
621103,0.0,-3.965113819499101,-8.168303846356055,-12.94645529097073,-18.966214188430627,-28.25768859672079
630101,0.0,-7.308017583844423,-15.054828400082354,-23.86133846892241,-34.95622902585938,-52.08114938040365
630102,0.0,-14.81159360595232,-30.512515536678027,-48.36119292830633,-70.84786707029986,-105.55596101174575
630103,0.0,-13.162848457444614,-27.116030101130637,-42.977890878718156,-62.96147211362663,-93.80605190377204
630104,0.0,-22.13489080515926,-45.59882059710811,-72.27242072352783,-105.87718263815385,-157.74600174620545
630105,0.0,-5.738969487466541,-11.822522296349835,-18.738254503654257,-27.451046672326935,-40.899207444037046
630106,0.0,-6.980914470311899,-14.380982013306934,-22.79331721463692,-33.39160616876719,-49.75002388388827
630107,0.0,-0.9898191758488589,-2.039069784459449,-3.2318491447217967,-4.734573419972312,-7.054022484966956
630108,0.0,-0.3397270941259152,-0.6998523260577255,-1.1092396928439705,-1.6250067781457036,-2.421091265140955
630109,0.0,-4.5138965061440945,-9.298819623253017,-14.738280403826058,-21.591190532521097,-32.16863062068645
630111,0.0,-1.4653470252108234,-3.018677467318712,-4.784490587472072,-7.0091520207707445,-10.442908276910309
630112,0.0,-3.1907151448535647,-6.573009496515866,-10.417973568861694,-15.262055417921625,-22.73887688185021
630113,0.0,-13.365563274040701,-27.533631282708914,-43.63977309177657,-63.93111202959139,-95.25071463530423
630114,0.0,-0.6876857354231133,-1.416661990916168,-2.245356131799101,-3.289387277667316,-4.900845284297056
630115,0.0,-0.48746091492041005,-1.004190307655689,-1.591603981221908,-2.3316576879593285,-3.4739277014332064
630201,0.0,-35.22185824333597,-72.55853255712933,-115.00255321040511,-168.47569526819794,-251.01128173005696
630202,0.0,-4.012955139297379,-8.266859008783243,-13.102661527670305,-19.195052188966503,-28.59863344180134
630203,0.0,-0.3781024957115867,-0.7789072926103118,-1.234538850325585,-1.8085667260245344,-2.694576516043286
630204,0.0,-29.50627514746643,-60.78418722646827,-96.3406573907661,-141.13651204603022,-210.27873920441368
630205,0.0,-4.3696925842725305,-9.001753384223358,-14.267441554733784,-20.90142408607561,-31.140950280557586
630206,0.0,-0.9009992523410818,-1.8560969479033276,-2.9418440601297635,-4.309723650171422,-6.421040468832956
630207,0.0,-0.5783442595774163,-1.1914138799226024,-1.888346322516023,-2.766377360431049,-4.121614847087591
630301,0.0,-11.137122547439176,-22.942948193370714,-36.363712542480776,-53.27187598973271,-79.36956040490412
630302,0.0,-0.08901383830180709,-0.18337230931530174,-0.290638233935394,-0.42577731682357467,-0.6343639648278935
630303,0.0,-49.54987215504763,-102.07485326654646,-161.78481469409053,-237.01046958109927,-353.12097485805344
630304,0.0,-29.798439450546514,-61.38605817122679,-97.29460026848197,-142.53401310216142,-212.36087058105042
630305,0.0,-40.17176195123078,-82.75554564095472,-131.16443656763136,-192.15242643146615,-286.28715120790076
630403,0.0,-7.754256236521435,-15.974099086620889,-25.31834803509818,-37.0907094597396,-55.261303459501484
630404,0.0,-7.122956348335977,-14.673594349654513,-23.257096794996244,-34.07103097344327,-50.76229625225242
630405,0.0,-0.5413958782790769,-1.1152986361200974,-1.7677065153558043,-2.5896432373968112,-3.8582993660169187
630406,0.0,-0.6376822300550543,-1.3136526338529202,-2.0820901636304576,-3.050206957465877,-4.5444914574569575
630502,0.0,-0.44140531989539966,-0.9093138145424264,-1.4412282974374577,-2.1113612930552565,-3.1457089612917617
630503,0.0,-2.986618969264952,-6.152562656405327,-9.751581093739786,-14.28580808746235,-21.28436978921567
630504,0.0,-2.884033765258633,-5.941232754009261,-9.41663112316096,-13.795115249799121,-20.553288442903188
630506,0.0,-0.424576995225519,-0.8746467468651411,-1.3862822951589981,-2.030866854648006,-3.0257806112435217
630603,0.0,-1.939101613741403,-3.9946321571167513,-6.331342173204912,-9.275248634349893,-13.819156789155002
630605,0.0,-0.7151178460240216,-1.4731733105744196,-2.3349244543236964,-3.420602498460971,-5.096342330333731
630609,0.0,-2.027896548239759,-4.177553515246006,-6.621265666420767,-9.699978874945163,-14.451960719191426
630703,0.0,-0.232214066330716,-0.47837089615419487,-0.7581999318407732,-1.11074282355687,-1.6548914035916809
630801,0.0,-0.5317393623022993,-1.0954058007095178,-1.7361771171970175,-2.5434535039700163,-3.789481462213212
630803,0.0,-0.5195725870280946,-1.070341723915225,-1.6964514953628684,-2.485256519888934,-3.702774002459083
630901,0.0,-1.5629147570121138,-3.219671162640526,-5.1030580574385205,-7.475844928833696,-11.138232221653345
630902,0.0,-20.840662136701923,-42.93265425438259,-68.046647049623,-99.68653610133639,-148.52258159963424
630903,0.0,-24.52755394754267,-50.52780887806337,-80.08468231533594,-117.32193900707442,-174.79749965323475
640203,0.0,-1.129428651746155,-2.3266712685206796,-3.6876867121106005,-5.402363385945384,-8.048960152495388
640205,0.0,-0.3730871025468246,-0.7685753684478196,-1.21816313796774,-1.7845767410373983,-2.6588339309141977
