Tambol_ID,no_positive_data,critical_25_level,critical_50_level,critical_80_level,critical_90_level
500101,False,0.0015997550782378613,0.003747662222334038,0.011474975500025015,0.022506336293722107
500102,False,0.00020648124975874985,0.0005851225694951855,0.002092021904177283,0.004451596730493388
500103,False,0.000315748020272847,0.0008773419288230305,0.003134152654247579,0.006699305086749285
500104,False,0.3690538079533067,1.0380466153425207,3.772532780242793,7.40580857327323
500105,False,0.6556983923621714,1.8447391153699146,6.706261475385113,13.167022008653444
500106,False,0.905585109079595,2.5483684837518537,9.266914787652095,18.197379504800853
500107,False,0.050089017168448643,0.15409191240594539,0.6262499601603921,1.3033648531244502
500108,False,-0.33131575334756697,0.0,0.41341232087434404,0.6295102664921559
500109,False,0.020094872704876823,0.08682092399840381,0.3058583817318077,0.5001855563510922
500110,False,4.921952046095458,13.850874062130217,50.36845986373477,98.90923020712931
500111,False,0.33032133456943913,1.3589940164192291,4.805148392265645,7.887090122348827
500112,False,0.0010767730990248901,0.0027003103166701285,0.008650427016719083,0.017290907245385505
500113,False,0.04665916494334684,0.09451507079136337,0.17483522530201204,0.22946037996625349
500114,False,2.959547060128437,8.32822898398477,30.28437966968931,59.46874152526483
500115,False,4.521204440907817,12.7354604342782,46.36829114867793,91.11159326422569
500116,False,3.0757228687851126,8.710820110013534,31.930039782458866,62.96303450194347
500203,False,1.5294092089658562,4.2941888239558095,15.571729194080328,30.533335706756745
500204,False,8.548554051454312,23.45702856696983,82.65695056278366,159.66484644592649
500205,False,13.95677803257874,49.51327038067305,160.7947160282277,257.66665209459893
500206,False,28.460158137419455,73.80595057114658,242.37852785895345,451.26018722027897
500207,False,0.7278402936103383,2.544518556240497,8.048005814959202,12.77634734423135
500209,False,25.502500198079836,66.77785699889981,221.95786052794648,415.85313805092113
500301,False,3.1580326635648897,8.236211387854206,27.239292070867716,50.90156301016422
500302,False,1.8371606685832524,4.737641456656158,15.449754213303649,28.659170847125754
500303,False,7.5620253591225035,19.117795348386057,60.82008480575472,111.3703957970801
500304,False,1.3720366570433462,3.639535660046708,12.294468751196964,23.23013305992314
500305,False,1.955376355336016,5.192848314176887,17.566575136248936,33.21634906813099
500307,False,0.5792425063946347,1.5340312515126773,5.171499130433446,9.76107364686884
500308,False,8.141440474263081,25.79452046605581,79.73517390777074,126.24024884288183
500401,False,0.2850710230788556,1.9211107081702496,9.068925484551714,16.137465867730594
500402,False,0.16936226645217367,1.7565116315424858,10.90226485301691,20.892730097072754
500403,False,0.466427901641357,1.95249132593515,6.732973539360709,10.940315072242186
500404,False,0.36627083232254715,2.303952199078657,10.39584254092182,18.265698226067666
500405,False,0.6600849422369105,2.2348487819749936,13.144024404533733,40.95403667651424
500406,False,0.5565655202547418,2.2059907490422215,7.331090856477389,11.779649739077362
500407,False,0.33067167463497066,1.8061854531236476,7.4350694874690655,12.727157118348185
500501,False,0.013661228912180867,0.13263444916182585,0.7895006578285871,1.4962703460396685
500502,False,-0.5729207831574522,0.0,0.7148845421599948,1.0885673598079486
500503,False,0.29764094434212024,1.141085280622845,3.7074949382699653,5.9163692126340806
500504,False,-0.10472531130601208,0.0,0.13067514467351113,0.19898135830433125
500505,False,-0.04191594145289265,0.0,0.052302271964396865,0.07964159629499801
500506,False,-0.08375005987672211,0.0,0.1045024460116129,0.15912772628237154
500507,False,0.0007422311667079878,0.0027475915411753326,0.016281675134025498,0.05002392278547652
500508,False,-0.10370114699975128,0.0,0.12939720319765327,0.19703541417444362
500509,False,0.05882044857465704,0.23223306622130782,0.7697412429079933,1.2358353763903267
500510,False,-0.17716815735146046,0.0,0.22106856790133406,0.33662502558772794
500511,False,-0.1865825153956785,0.0,0.2328157050938095,0.35451259954516406
500512,False,-0.3362855610379308,0.0,0.4196135947673398,0.6389530561330509
500513,False,0.13715907613555786,0.5948783204944612,2.101084030379833,3.438659683445772
500514,False,0.020123907818178757,0.13481762581293225,0.6335863516138203,1.1259805941451273
500601,False,1.9530211744378196,4.521901963342786,13.395934892356697,25.597635864441564
500602,False,0.09534483169622844,0.27574629628896147,1.2105888915917158,3.0643619401819544
500603,False,2.885341070142452,9.171596997917069,38.827953971909174,82.5527341947189
500604,False,0.24197874897682806,0.5621270820969554,1.6500670286142631,3.123379571567743
500605,False,2.355723640539437,5.474925744759179,15.989476522428385,30.122071176622075
500606,False,0.0532020078180145,0.27884603711577094,1.1170958049416333,1.8972883584425857
500607,False,0.5578112642300954,1.896930708897691,11.421485168518549,36.25180376289522
500608,False,0.08567573840276134,0.34657032274417765,1.16864703864517,1.8862204390361488
500609,False,0.05565922406587159,0.5262523314866724,3.080501704871229,5.812215868019532
500610,False,0.20825308871493864,0.5941940956625973,2.5283268439393245,6.252134140000967
500611,False,0.02394363100319555,0.16154134185382435,0.7632404589341137,1.3584620552047892
500612,False,1.1709501014085775,3.4769224386957016,15.938106151804224,41.57476770713548
500613,False,0.6620874210291297,2.9089986347902217,18.44411310015352,48.432525200296816
500701,False,2.421982518850083,7.0086607389335915,26.390341963245714,52.775346980559526
500702,False,0.952369649474146,2.81626680919947,10.894774838584075,22.097246513110456
500703,False,1.9985806178650765,5.861423151561483,22.44253487023353,45.27435996948538
500704,False,2.4693763505432873,7.520775463444214,30.18475360781,62.41095862103671
500705,False,0.5036225441724033,1.9111392565496497,6.173790125399634,9.83560487794485
500706,False,0.07971153297171993,0.35436268459866815,1.2726194376536002,2.0931802198536116
500707,False,0.11943869730332185,0.7014148880712707,3.0269415751277835,5.251805900551324
500708,False,0.00851373054708861,0.12578336455553088,0.9747966111271313,1.978956390133753
500709,False,1.03758012397433,2.9794074910842445,11.110985677393279,22.108022238881055
500710,False,5.440938884207269,15.415684865950606,56.53589380978453,111.51312511591964
500711,False,1.7561961488777553,5.052254409498734,18.884740820820852,37.621203993611026
500801,False,0.7855997600498392,3.377224079057914,11.87178771165819,19.40357661832623
500802,False,0.09122803623498571,0.3844698435377289,1.331896665035519,2.16717277371045
500803,False,0.1892393772560504,0.8593140400772445,3.131910716544017,5.174129460663703
500804,False,0.037744485165863234,0.2919847202228847,1.5075495512011237,2.74980148345797
500805,False,0.1814894450132845,0.9426289540772009,3.7565358092440317,6.370720322903039
501101,False,0.05249759546652158,0.13491429033063657,0.45501082098775925,0.9452193265518761
501102,False,0.030375279594620958,0.0801966366063214,0.28821083053407126,0.6284039974440598
501103,False,0.0489154944002415,0.265014584783724,1.0869879306180792,1.8589219607421434
501104,False,0.0941531818445507,0.39135296507461514,1.3453378902389586,2.1842250582318847
501105,False,0.13532048827888513,0.4898807088519131,1.530018280436176,2.4120069140469793
501106,False,0.00439134815091147,0.06482723666608974,0.5021339263135678,1.0192554421619475
501107,False,0.2086339273643489,0.5499095639924165,1.9681874940606785,4.277942131218743
501108,False,0.48053006768533896,1.2506300117357156,4.330800080307602,9.175857354893754
501109,False,0.4927223771034946,1.2690418341075533,4.349185135991634,9.158842067232914
501110,False,0.9102870755641341,3.3868335199596307,10.77702649478129,17.087490003281918
501111,False,0.2500993739542819,0.9253685732561459,2.9333410285947252,4.6454802651552285
501201,False,0.04945236451134123,0.2045198358721001,0.6998583104524839,1.1345927852580642
501202,False,0.01688546974906679,0.10136158163019168,0.4437447227954044,0.7730491754648448
501203,False,4.187642603121807,12.049903351376509,45.05431172697162,89.76858818639089
501204,False,0.008930736873053749,0.030484037582253036,0.19168124178532792,0.6301683186362805
501205,False,8.278158442242969,22.573673869922,78.92686347907885,151.83993503612635
501206,False,0.39376113992204753,1.3372510650144869,3.993786485389612,6.208431275409127
501207,False,0.06071439684936914,0.2246783773626017,0.7124773724523589,1.1284920970525603
501208,False,0.6134395708162782,2.3294006574763166,7.520606790397986,11.978154601482956
501210,False,0.037082738229060566,0.1294179108692738,0.8395224350056215,2.817066581595438
501214,False,0.9278841982727206,2.953692116051766,15.698572506479824,45.61764460671544
501215,False,0.0010431917540611887,0.0031944046391406905,0.00843957509338175,0.013620807217688885
501301,False,1.0041117325635707,1.9965137232636816,4.199110486948777,6.183510930789218
501302,False,0.05124923281442051,0.25199808639038795,0.9678612176558126,1.6237853190957123
501303,False,0.02222924067482787,0.15429688512445308,0.7441018668170779,1.3320801552762969
501304,False,2.490258740975227,4.634429447070497,8.228099748892944,10.668603676526512
501305,False,0.17213450874583933,0.33773697870118724,0.681110411076782,0.9703031610958353
501306,False,0.09708515085629617,0.3740827161579892,1.2191643890355428,1.9472971576479199
501310,False,-0.47925747029036925,0.0,0.5980124430764968,0.9106041436078379
501311,False,-0.21915245957442914,0.0,0.2734561397173931,0.41639650947833035
501312,False,2.964347162708613,5.647419616432682,9.201596319172326,11.088751212685505
501313,False,1.0570069875731536,2.294880592799233,3.970421030944124,4.880724605076166
501401,False,0.018676148962535003,0.044998702514799496,0.10448375160259157,0.14948245411739108
501402,False,0.030642768112854518,0.07383132407577252,0.17143102565426993,0.24526234973004246
501403,False,0.06496907411725789,0.2221469994545211,1.0300953168516667,2.296842828771253
501404,False,0.008755060766429654,0.03492928266116442,0.11665998980795336,0.18774244619402825
501405,False,0.0113413498953191,0.043098803250600476,0.13924201195540511,0.22182165968755216
501406,False,0.058773859766908895,0.2164156440480965,0.6840965635461339,1.0824982340501117
501407,False,0.036063301203275874,0.20603753318202,0.8742921709126791,1.5097369262830527
501408,False,0.47346920305236534,1.3803336534218678,5.245927740131576,10.541781739483296
501409,False,4.471375568368794,13.730884071089983,55.67921589438725,115.74511395712375
501410,False,1.9000950695202377,5.621457859017059,21.75953900821919,44.147239025234114
501411,False,0.008774424980420935,0.03794955198116225,0.133862650251288,0.2190051492832954
501412,False,0.015109529677413016,0.12516225515668014,0.6737298927401396,1.2428281491690178
501501,False,0.029161875966786877,0.1011443467810521,0.30673041694203884,0.47913960914593384
501502,False,0.01754526187467474,0.07634391808328737,0.2705257481777839,0.4432112147428207
501503,False,0.22944633720763538,0.694047790057753,2.761926278285828,5.685256186104969
501504,False,1.7933468456308395,5.0397948025109,18.296018914641955,35.8962531026631
501505,False,0.11019112644006132,0.3155632448141995,1.1728732716049968,2.3296263436063263
501506,False,0.3091936834587196,0.8722246717164502,3.18148557630581,6.257460964528568
501507,False,0.001956403416534697,0.017920772748830364,0.10308822330820541,0.1936156376624459
501508,False,0.002836453115739867,0.013873776531127787,0.053811435502719336,0.09061101385207691
501509,False,-0.08866946774801626,0.0,0.11064083153916653,0.16847475469485174
501510,False,0.01582633097051578,0.18897918497524555,1.2816537507246528,2.5138966598237773
501511,False,0.07167119690603568,0.43793101158303754,1.9392657723863784,3.3893480364243587
501601,False,36.26818943141881,91.8766063318468,293.02957354392237,537.2887784237813
501602,False,20.438414114862855,52.48946630264327,170.29342787643546,315.044834944385
501603,False,8.943141177684437,22.904065656109417,74.05218576998189,136.75022754748525
501604,False,2.3153073873183225,7.3248236078411395,22.836176359225064,36.28105711991518
501605,False,0.023690476465876492,0.05285339301419476,0.1968226285753671,0.47034797715942667
501606,False,33.941666009971094,86.82565355476902,280.31090924876105,517.2483403201322
501701,False,4.426970672264666,10.990477459421836,34.180704399704865,61.85256542283485
501702,False,19.7339104797239,50.099504143606175,160.2191265457986,294.1877396257001
501703,False,21.26862554856077,52.85044545296499,164.55510422033058,297.9535159734065
501704,False,7.739185576559409,19.87651924952804,64.48981895186637,119.31052338019295
501705,False,9.096192033831146,27.8909035594359,81.5064917107872,126.4477563797679
501706,False,5.029517069205518,12.957042971016772,32.819852423866415,48.5692298195096
501801,False,0.034869723074486464,0.1332232782536471,1.0784814167750216,4.2469546223604695
501802,False,0.5657311068086146,3.2381059741208977,13.746247278531502,23.739063053675547
501803,False,2.7822377485276366,9.102322564473015,39.94494543960378,86.53831747737249
501804,False,2.834027445367421,9.188335124097827,39.87021740000587,85.86872891952935
501805,False,0.030209156077295372,0.2550603851790701,1.3956615015945988,2.5864166934971755
501806,False,0.01855751170667814,0.06922702047190228,0.22065048206533902,0.35002793191161996
501901,False,0.002697255623032981,0.006181490332075473,0.017677466335723428,0.03282383874924382
501902,False,0.06378179169326847,0.12111305812509798,0.230581392910207,0.31546921372412384
501903,False,2.024508331253426,3.7694703785805523,6.726152352857791,8.756695611387089
501904,False,0.0009062640250893293,0.0022648798759619024,0.007249966867962059,0.014496940571038622
501905,False,1.0836891484250994,3.053524114699633,11.121865742026078,21.858430969589314
501906,False,0.0015097910129376146,0.005962307950330247,0.03309160331945052,0.081054734741234
501907,False,0.0018157620574915016,0.004657263854787394,0.012383104634233965,0.02086103879999532
501908,False,0.0010008035461551682,0.0036694535275994212,0.010646577127724747,0.018020220053873336
501909,False,0.5173031365376771,1.4577904627759575,5.310531448442026,10.43792392257609
501910,False,0.34829998470180157,0.9797192892791788,3.5607712480623723,6.9903232011689855
501911,False,1.571951265916865,4.422728591584154,16.079081507099342,31.57051047373334
501912,False,-0.8953032169163091,0.0,1.1171499605796082,1.701104040413746
502001,False,0.4403727838485836,2.095013966552284,7.879055922383813,13.138211616831134
502002,False,0.1807318540716943,1.0487918702180425,4.491521755563475,7.775972822063436
502003,False,0.0891659155150896,0.42743905368473334,5.011971911458835,25.302722503725647
502102,False,0.0025419257289550122,0.010508878855349386,0.035981345629443814,0.058345434451955884
502201,False,0.39451322510570075,2.319572402280619,10.07688156288738,17.52177702909591
502202,False,0.23915548488918126,1.6311491802413434,7.7673243538653205,13.855391333630113
502203,False,0.05334041949821709,0.3200787715016196,1.4044088826849714,2.4484817029139383
502204,False,0.10213082043345935,1.3287819979431683,9.52596891087356,18.956336485753013
502205,False,1.3546285661229982,4.443213888430577,24.97800026890821,75.52300641441956
502301,False,-0.6988241799747246,0.0,0.8719854797347589,1.3277877412172312
502302,False,0.00011466263631960609,0.009674222617031861,0.22776588013652427,0.6052766509306108
502303,False,0.031223452163859394,0.20722721176549527,0.9710072266465732,1.7244426452411692
502304,False,0.017019618678621406,0.12104979558955999,0.5911968971971667,1.0619294994921635
502305,False,0.2982116711465821,1.0802718597103933,3.37394672243354,5.318676382264678
502306,False,0.04422142001483566,0.21972153722123902,0.8497638021192493,1.4285452319332217
502401,False,10.781937932730578,29.39043810734734,102.7140635093503,197.55461838745305
502402,False,4.337699310745458,12.069652384696633,43.27693449389337,84.35983698336545
502403,False,0.0011379959941740666,0.0047120786864503356,0.05067602395006264,0.24577342420422316
502404,False,0.2353778706743977,0.9631237659497124,3.2736452609649875,5.296550130626925
502501,False,0.089518199753511,0.2240147668292856,1.0890435075504992,3.158591316196056
502502,False,0.3903208020657728,0.9863945300570487,4.767712076276679,13.70808996290041
502503,False,0.5042380773967643,1.9531186007875703,6.971173196695265,11.517491191538682
510101,False,0.8812559251442684,1.7260712712060258,3.2335544986773526,4.325056723100579
510102,False,0.41776858236061487,1.0248980538624561,2.468368291800536,3.859641443144909
510103,False,2.424362583346161,4.502419559501414,8.210099634029813,10.89437874480279
510104,False,0.0005587247695394822,0.0026225054497242923,0.01805635588879286,0.04950196605554524
510105,False,0.000361376484922479,0.002095273039580344,0.039661244748547646,0.2794521289714867
510106,False,0.9485005345958379,2.6601526143813423,9.632804773525894,18.874331249639248
510107,False,5.6484140961256974,17.57982570248492,50.28193379850179,77.23747792342917
510108,False,0.7622194210711134,1.8048176578993926,4.426058722849184,7.0935382350208265
510109,False,0.8217883720173116,1.9516145919908052,5.127948167748365,8.726608020229133
510110,False,0.008906670508530074,0.07639141199108436,0.42046349015701856,0.7803192823740417
510111,False,0.4487467838330619,0.9016129811529561,1.7524383441137794,2.401532330143305
510112,False,0.2920999603754414,0.594031372834022,1.15155725645497,1.5695145789142995
510113,False,1.9769077368561327,3.670231392586433,6.779849689335261,9.098059652834777
510116,False,0.0007547838330188039,0.014672080468705804,1.8778103955850423,46.641631802448636
510117,False,0.0062372145249751125,0.0414858571028902,0.1940755092697994,0.34446285676385
510201,False,0.2992919847076984,1.0688114665918094,7.341640656772245,25.684902539890818
510202,False,0.35666331958952185,1.2245726564471373,7.776917246080604,25.74227955801133
510203,False,1.163173321691521,2.887335800947806,6.858943219494322,9.890344642989465
510204,False,0.2404524169366707,1.0469212965904535,3.7093346993433554,6.076683831921091
510205,False,0.11619894803304895,0.41206433706321294,1.2680787101984832,1.9898103873248463
510206,False,0.0016887755340892095,0.02231894620865517,1.5164154939260839,24.764029947015143
510301,False,1.884909534038778,5.423022292579742,20.272881446709498,40.388932582859844
510302,False,0.7593588090369351,2.7342125401841284,13.523338845325421,31.187572611995574
510303,False,2.1390197455697946,6.043982034042568,22.09080068060041,43.49538123409088
510304,False,2.596773680480474,7.192288036622951,25.640724411361667,49.83144923983942
510305,False,18.28528667048598,50.10203200385539,176.22992140770936,340.09541102130015
510401,False,0.24664819865956733,1.4776291026410469,6.459855191058177,11.249269128952664
510402,False,0.7565374554647569,4.288716426871596,18.10744180462739,31.223453648733415
510403,False,0.027760297938774686,0.13795836015937485,1.7116850470158225,8.972408764808643
510404,False,0.01956257865930824,0.14648754251519416,0.7394631580605313,1.340398270150789
510405,False,30.008140691413008,85.85561906849026,239.935859689558,367.2940358302452
510406,False,0.3334967663622768,0.8291040829544869,2.583042482647496,4.67847703669071
510408,False,0.3682576489892398,1.2291324404692205,7.05119638361551,21.59207387602755
510409,False,1.175681668552545,5.171868985302028,18.441817919778394,30.268250502029748
510501,False,0.08153204031664837,0.9981202238728224,6.87559105232738,13.540913281993308
510502,False,0.2558168233272005,0.8587215791403437,5.1327800344654735,16.24399279215574
510503,False,0.013663779759623549,0.09861862321356425,2.401169241800005,19.826552384645268
510601,False,2.6616136990947865,6.401095474024,19.502180871088555,37.75257722163355
510602,False,0.025315466769917225,0.08942026621374567,0.2746509765182876,0.4307407509237905
510603,False,-0.1405916267732536,0.0,0.1754287568054668,0.2671284765133144
510604,False,0.04187254456705026,0.14035446641826155,0.8227466686365409,2.562666683190799
510605,False,4.845926806125399,13.061481532878116,45.01010816553143,85.93607132369557
510606,False,0.12781102766137425,0.5494783698071177,1.9323274203847784,3.1587069948566118
510607,False,3.6511969829576096,9.939289568147561,34.67720257032751,66.63724926820632
510608,False,6.029264058041717,16.495470142306967,57.91272263564867,111.65266160760288
510611,False,0.013158964510534044,0.050812433719627945,0.3962621579852039,1.5107006372631353
510701,False,1.55791043804122,2.9092432855816,5.415485828093521,7.302685209008354
510702,False,-0.37990074396187196,0.0,0.4740361624109317,0.7218232642295291
510801,False,3.7036286498486577,13.21632316842355,42.82679897011154,68.54689883714178
510802,False,-0.48833237091589726,0.0,0.6093360088635057,0.9278467378806584
510803,False,13.54408463934702,36.99572436445554,129.6251336701839,249.6483572844606
520113,False,7.547549175075012e-05,0.00020615252323077395,0.0007306797791161605,0.0015584181983341197
520115,False,1.8275720721900682e-05,9.195443281148345e-05,0.00035934169812892826,0.0006059976147699066
520402,False,5.988467814593825e-05,0.0001568345790463407,0.0005417363475603668,0.001143104873582173
520403,False,0.00046637904799810864,0.0012403324239070495,0.004327788029522584,0.009172710380089082
520404,False,2.2187968059360944e-05,5.859248470144154e-05,0.00020519920634756822,0.0004372472745001216
520806,False,6.127539991334881e-05,0.0001686188143790113,0.0006045797160803344,0.0012999347104624662
520807,False,0.00021388732435333,0.0005578219452409783,0.0019070857270673696,0.003992386617054108
520901,False,0.009521745418448956,0.022160439549387012,0.06358353672114095,0.11031313910715498
520902,True,,,,
521203,False,0.0003556192959812875,0.0009611620003766979,0.0033302190329092683,0.0069824849744849725
521205,False,0.00018819843250329082,0.0005182284301790759,0.0018369702291463706,0.003909501034867184
521206,True,,,,
521301,True,,,,
521302,True,,,,
521303,False,3.420876472323992e-05,0.00016836067235763985,0.0006513691347525406,0.0010955765383418587
521304,False,6.924047503502708e-05,0.00017708922927141697,0.000601552012661981,0.0012594982464636964
571101,False,0.0004845948256167361,0.001237474434190078,0.004128716897867257,0.008511027124584892
571102,False,5.6068237499776884e-05,0.00014079502268416865,0.00047518795119351893,0.0009948389079564215
571103,True,,,,
571104,False,9.844471251942461e-05,0.00024775172011222397,0.0008347793161072781,0.0017438608000463608
571106,True,,,,
571107,False,0.000222469129066562,0.0005847372680923278,0.002008894668845293,0.004214136866014068
580102,True,,,,
580109,False,2.110145776384631e-05,5.860912678885458e-05,0.00020967688207462336,0.0004082436094139161
580204,True,,,,
580206,True,,,,
580302,False,0.00030819602079181326,0.0014008518977154712,0.005108938553266057,0.008441929657252703
580304,False,0.002690686504366999,0.008210453936798178,0.040485722377007476,0.11161034015393924
580306,False,6.60959765486907e-05,0.0001938964922234565,0.0007426435963898406,0.0014984246093998957
580307,False,0.00045347016996829116,0.0019907223070756586,0.012608632162934905,0.03309088990250538
580408,False,0.04079179211539087,0.1049165724853012,0.5488716927421292,1.6800321927880217
580504,True,,,,
580505,False,0.047897655596783495,0.1193468091219296,0.5795690620000448,1.6820504860396905
580506,False,4.402471354059049e-05,0.00013122997610558223,0.0005127494124760629,0.0010454113649882293
580508,False,9.224417427906944e-05,0.0002606043276994387,0.0009523310450319636,0.0018748942517200458
600101,False,7.067699712865854,10.267543082258888,15.61184502940584,19.054798631791705
600109,False,4.287694167088321,6.228899964683797,9.471047767502109,11.559729950875221
600110,False,2.2397057746480256,3.25371510836814,4.947286888865634,6.038333789938643
600111,False,3.041481396854238,4.418479142466862,6.718298109266093,8.199904058204606
600113,False,2.074140507495211,3.0131879922109515,4.581557346161365,5.591944079687463
600117,False,0.627467173794781,0.9115473130154966,1.386010400765767,1.691672916586122
600501,False,3.3290640611004023,4.8362676883336455,7.353548645718869,8.97524802288177
600502,False,3.535843095757901,5.137205125016053,7.814448806360289,9.540258662559356
600503,False,4.2092654046236895,6.114961977686767,9.297798779643909,11.348269404109802
600504,True,,,,
600505,False,3.9739577717204853,5.773126487803936,8.778045801382707,10.71389793686363
600506,False,4.845652861756017,6.861241663441227,10.274204677932188,12.616505876673902
600507,False,7.462454713856832,10.564110311587873,15.830236630956374,19.45434004450094
600508,False,2.9969318595519225,4.370136992599053,6.6782081478677435,8.170850965091146
600513,False,0.7843468465460901,1.121056497434799,1.744939461223109,2.214270809739614
600601,False,2.065422496661763,3.0005177726118664,4.5622857875179355,5.568419569980428
600602,False,2.08284278784378,3.025832155400783,4.600785888775015,5.615414759636729
600603,False,-0.009605019588330483,0.0,0.011985042666805031,0.018249836838785206
600604,False,5.211471549588009,7.570908951359079,11.511578145506839,14.050268350297378
600605,False,4.260730921379336,6.063614713958015,9.278016726375853,11.60347005998759
620101,False,42.69639647968455,59.52983963887829,87.67699247716388,106.74609188746197
620102,False,14.003579173609609,19.69132576509019,29.872237142432922,37.26724369117649
620103,False,62.6204786194764,87.98593453052418,131.35079244603853,161.406006257824
620104,False,1.078477351494146,4.393000634545808,25.34257683878106,63.34112066979623
620105,False,36.64510104082061,51.389744011175736,80.66901898095927,104.28627747170583
620106,False,-53.415184626360734,0.0,66.65090694661211,101.4905170343449
620107,False,-70.54040661678054,0.0,88.01957926905602,134.02897302384085
620110,False,-52.655937014568835,0.0,65.7035257426163,100.04792288781407
620111,False,13.285902296462469,18.735519595645062,27.89847715127965,34.14165526564404
620113,False,67.24822088710201,94.48063210097384,140.37269824390194,171.71391839044304
620114,False,-0.5906257935792795,0.0,0.7369766684040299,1.1222074319031583
620115,False,0.18547590123773577,0.7212281718404858,3.9264534882844697,9.52100834022301
620117,False,0.003554403900276826,0.029140709032389574,0.4023898213590079,1.5871645670061276
620118,False,22.429881157770023,31.55386925515349,47.25957291712149,58.2215303859459
620301,False,0.18654942539465663,0.6884259197844607,4.804295227412421,16.900949591833147
620302,False,0.48974134476045267,2.2490096399022277,15.068103736019989,40.724767033778235
620303,False,0.3582631641142788,1.1121594999100872,5.778498689596756,16.580356312405073
620304,False,0.27924430166048964,1.3955157453773717,5.429832092971029,9.14545179174463
620403,False,8.683817945290254,12.612172839503083,19.17277571915268,23.39913262777575
620404,False,2.3899892450010243,3.3853497392700285,5.088835559288465,6.270773265507083
620405,False,7.158105650722061,10.139057038965868,15.198311751055137,18.678682874694193
620406,False,0.0011268769771170572,0.0029830965734654828,0.009765033259433543,0.019585558170437486
620408,False,-0.13625653873497767,0.0,0.17001947943489099,0.2588916740109619
620410,False,0.26181857465984315,1.0710769971114271,3.638154756013787,5.884898093293583
620411,False,0.022081423771675626,0.1100261438693555,0.42735439933499303,0.7194338751619062
620413,False,5.250224121702227,7.40050580841888,11.165925183133023,13.840496748099694
620501,False,11.187960733260919,16.115094517116816,25.62595445520779,33.08250814483243
620502,False,6.055336239653446,8.539129586873427,12.71539741815654,15.560917754900743
620504,False,11.364107443138316,16.314608494690653,26.018842195457502,33.745646935598444
620505,False,44.162459010445886,61.451898385683876,90.99076576977822,111.44986338918137
620506,False,23.23488871980622,33.36901293835992,50.318478738300776,61.24709277690745
620507,False,22.469879818764447,32.29113218426282,48.71114142033144,59.295959231515454
620508,False,0.033621976958195646,0.1597186431978545,0.6003774867698614,1.0010017529275377
620509,False,0.033261885351302665,0.1939634057671383,3.2855989544306636,21.29526831935826
620513,False,10.01147417859673,14.118016182268862,21.022748941077154,25.727296735778225
620516,False,-0.6100094696575621,0.0,0.7611634160416914,1.159037021110275
620601,False,-0.014211594152259963,0.0,0.017733078075664623,0.027002472208685974
620603,False,0.1784589984816651,0.8165817382593169,2.990657455269585,4.947806729938843
620604,False,-1.6554372168935945,0.0,2.0656371904531765,3.145382352146983
620609,True,,,,
620901,False,0.18740935055369778,0.6123749358621402,3.722323094039763,12.027971614202485
620902,False,0.3346651253441555,1.6217436195129067,6.168739045209098,10.320038684948303
620903,False,0.13241051738332785,0.4056600430577413,2.0475277554629034,5.75207548704476
621101,False,-188.03012943070266,0.0,234.62202269839923,357.26311136888006
621102,False,-70.99973167499748,0.0,88.59272025747742,134.90170496273342
621103,False,-29.509982151479978,0.0,36.82224611096476,56.06988662826692
630101,False,-13.554035022048925,0.0,16.912582692073602,25.753089349250203
630102,False,-50.143452606141174,0.0,62.568474058674674,95.27412413684593
630103,False,-7.060160954856914,0.0,8.809594764520291,13.414526050341605
630104,False,-5.114144803657745,0.0,6.381376228584156,9.717034658634967
630105,False,-119.64643830915226,0.0,149.2935703961114,227.33196506300337
630106,False,-155.84704067215958,0.0,194.46430220927775,296.11423880175573
630107,False,0.025452714038727873,0.09808647930573058,0.8347005820989408,3.4150368229597774
630108,False,-0.6214095941999346,0.0,0.7753883718359745,1.1806976133586133
630109,False,-144.69338607799602,0.0,180.54688903041597,274.9219471434487
630111,False,8.306191895275436,12.112231219288038,20.296349395832877,27.442644770244097
630112,False,-47.235558362558535,0.0,58.940034131052165,89.74903436458759
630113,False,-159.48458134591152,0.0,199.0031872970419,303.02567955207667
630114,False,-1.135393753205133,0.0,1.4167324127396892,2.1572835487960997
630115,False,0.0020807594784825953,0.021305621519173375,0.9529042909616662,11.797684527665782
630201,False,187.50519179040202,255.64064369051266,340.90601648275697,385.58483029195486
630202,False,-41.1466781944256,0.0,51.34239334156361,78.17997210735425
630203,False,0.9083096556635037,1.322278035621807,2.1126295182442933,2.6989615158872615
630204,False,110.1592305853791,150.74448318006392,202.0009411340885,227.8632599555982
630205,False,-95.69058188618455,0.0,119.4017040955005,181.8150905754505
630206,False,0.4933159857618098,0.8817381450798801,2.2975841655116085,4.343395321046007
630207,False,0.02052281848525936,0.11226166545350559,0.9356065339430473,2.8342881960183886
630301,False,15.607362389574893,24.36631856822542,42.48032000451297,56.80292756853074
630302,True,,,,
630303,False,7.375775671509044,10.195765340832022,16.15122634299127,21.25931965422251
630304,False,135.39695452339012,198.21306618640818,282.558267353337,327.9928240295869
630305,False,64.41292812479442,201.37488095040084,622.1705502253052,985.7632942105624
630403,True,,,,
630404,False,3.2104062639127866,12.87153522892705,43.81306986998213,70.99714698369013
630405,False,0.2595677691912804,1.1701833914819566,4.265169739521232,7.048723305775413
630406,False,5.6962942421071026e-05,0.00016019893714211005,0.0005745945091736287,0.0012285586496830422
630502,False,2.0843653930877293e-05,5.272450364597799e-05,0.00018060368138261075,0.00038227925592758757
630503,False,3.1877544471767605e-05,0.00016167634326851726,0.0006376706996742295,0.0010785166689837168
630504,False,2.0843653930877293e-05,5.272450364597799e-05,0.00018060368138261075,0.00038227925592758757
630506,False,2.4395547293625857e-05,6.315133835544042e-05,0.00021757218007166824,0.0004596316888818289
630603,False,0.0008562150372046294,0.0022544125931613793,0.007712967145589916,0.0161119004605104
630605,True,,,,
630609,True,,,,
630703,False,0.04222312326205711,0.15020505624284064,0.46325813316631986,0.7274236220172158
630801,False,0.0001237835513083142,0.00032504568104278195,0.0011221677854806253,0.002364876411688284
630803,False,1.8470639661216977e-05,8.844938142734489e-05,0.00033447181462915984,0.0005586632254645964
630901,False,25.986868179797476,37.14645199298559,56.67305913372591,69.6051146117344
630902,False,-75.26768418013363,0.0,93.91822661418493,143.01094785788067
630903,False,-99.7266351433115,0.0,124.43784900362057,189.48371766546745
640203,False,-0.0159063715244725,0.0,0.019847803499169304,0.030222602083123846
640205,False,5.39959178790325e-06,1.3485525204356954e-05,4.572930396350649e-05,9.630912463831947e-05
