Sbswat,critical_0_level,critical_10_level,critical_20_level,critical_30_level,critical_40_level,critical_50_level
1,0.0,-6.999000007188151,-14.41823899183381,-22.852368128492195,-33.47811419393936,-49.878911853419034
2,0.0,-0.3032656845684901,-0.6247402648435276,-0.9901898924675948,-1.450601972947558,-2.1612462256355385
3,0.0,-0.1373217915950617,-0.2828887566753748,-0.44836807120610056,-0.6568473518523075,-0.9786343093997842
4,0.0,-0.052820232314203054,-0.10881193489472868,-0.1724628364390568,-0.2526534886911251,-0.37642744805992745
5,0.0,-0.6300409601769918,-1.2979112914911752,-2.0571407262760784,-3.0136566923849,-4.490035359970942
6,0.0,-0.17593258668177866,-0.36242864389544377,-0.5744358097614999,-0.8415332506527581,-1.2537971101917358
7,0.0,-1.3317887471278285,-2.743541709244601,-4.348410728317117,-6.370306574190334,-9.491094936010986
8,0.0,-0.6742939640524347,-1.389074369834851,-2.2016307869011094,-3.225330805207499,-4.805407795645363
9,0.0,-1.485618272443037,-3.0604371025460915,-4.850678043351262,-7.106114891037445,-10.587372879398666
10,0.0,-1.387405081540759,-2.8581137339040983,-4.5300030910341205,-6.636334577135349,-9.887449020729346
11,0.0,-2.334424080956038,-4.809013326610693,-7.62210578814625,-11.166183151745104,-16.636452756525166
12,0.0,-0.4653799479302121,-0.9587025724208705,-1.5195076266319882,-2.2260384375448052,-3.316565991901673
13,0.0,-0.9073585963712101,-1.869197468258166,-2.9626078936321165,-4.340142116440965,-6.466360823169086
14,0.0,-0.4452140133256653,-0.9171598857051352,-1.4536640260083407,-2.1295793061224355,-3.1728519079541146
15,0.0,-0.03518612566979038,-0.07248492192923327,-0.11488588312553533,-0.1683047766832038,-0.2507566307964456
16,0.0,-0.15272459393528542,-0.3146191874593781,-0.4986596141304741,-0.7305231305525637,-1.0884035649269477
17,0.0,-0.09560819344287032,-0.19695696259766052,-0.31216939997323123,-0.4573199049391874,-0.6813591439211104
18,0.0,-0.16516122841985514,-0.3402391857546271,-0.5392663506969837,-0.7900109243852687,-1.1770341970989657
19,0.0,-0.20659772767759763,-0.4256001442729137,-0.6745602689740822,-0.9882129321753931,-1.4723345959943133
20,0.0,-0.08608616533227176,-0.17734117793634196,-0.28107911686282006,-0.4117734634308112,-0.6134996782393645
21,0.0,-0.11452431680757542,-0.23592498477100265,-0.37393225384524903,-0.5478008504256642,-0.8161663519433295
22,0.0,-0.0947849457649566,-0.1952610372143998,-0.3094814218367418,-0.4533820881449617,-0.6754922060274088
23,0.0,-0.08964163629592602,-0.1846656000009003,-0.2926880511745996,-0.4287802448013221,-0.6388380155177422
24,0.0,-28.342527477289472,-58.38681731397099,-92.54091597910075,-135.56999149236512,-201.98520192755083
25,0.0,-28.22474514674354,-58.144180681726056,-92.15634601569126,-135.00660667910674,-201.14581709012305
26,0.0,-0.2133777159157314,-0.43956720966494656,-0.6966975438655744,-1.020643453712283,-1.5206527036310864
27,0.0,-2.4034659119246062,-4.951242447673165,-7.847533611540797,-11.496428943851193,-17.128484675019674
28,0.0,-2.173329480226092,-4.477151567611845,-7.096117344709714,-10.395624009906939,-15.488399694427958
29,0.0,-0.2457045626988486,-0.5061618949475134,-0.8022476227857699,-1.175271524440057,-1.751032463530798
30,0.0,-0.16674259943502504,-0.3434968775974706,-0.5444296701067959,-0.7975750505996524,-1.1883039592638756
31,0.0,-0.10639335235277286,-0.2191748506628377,-0.34738391940175717,-0.5089082434467849,-0.7582204083931287
32,0.0,-0.06554676160522066,-0.13502912887472754,-0.2140161057714874,-0.31352792796239626,-0.4671240378662829
33,0.0,-0.1951758894805878,-0.40207066967919886,-0.6372669340813729,-0.9335791840583082,-1.390935987614893
34,0.0,-0.09217582807185994,-0.18988614331266326,-0.30096241655713457,-0.44090197098748085,-0.6568981281169205
35,0.0,-0.11951820203032172,-0.24621260165418518,-0.39023774082687923,-0.5716879570961633,-0.8517556590694381
36,0.0,-0.11439901749370043,-0.2356668628319961,-0.3735231402513102,-0.5472015098435781,-0.8152733967460662
37,0.0,-0.049430245954898436,-0.10182841818415403,-0.1613942243296364,-0.2364382650397264,-0.3522684495420836
38,0.0,-0.07566384482148923,-0.15587075247275842,-0.2470492976285115,-0.3619206793377316,-0.5392242095250482
39,0.0,-0.09260094573360474,-0.1907619038556538,-0.3023504641773858,-0.44293542399664443,-0.659927761829697
40,0.0,-0.2191122013002985,-0.4513804945177756,-0.7154211573676457,-1.0480730517049741,-1.5615199547709322
41,0.0,-0.11523593859260761,-0.2373909560465923,-0.376255763344193,-0.5512047303167537,-0.8212377793261184
42,0.0,-0.28522243837460703,-0.5875704069288655,-0.931277061515722,-1.364296235572533,-2.032659643905301
43,0.0,-0.07607278920659345,-0.1567131953749938,-0.2483845380375533,-0.3638767711807704,-0.542138583137938
44,0.0,-39.549794757848446,-81.4742666539485,-129.1336574202645,-189.1773887541476,-281.85465416795586
45,0.0,-38.73135821788302,-79.78825242037918,-126.46138808437502,-185.26258493684298,-276.02200321887364
46,0.0,-38.362439543420905,-79.02826419184903,-125.25683524116523,-183.49794691723517,-273.39287591130426
47,0.0,-36.678095742290445,-75.55844401122735,-119.75730037063437,-175.44127395564257,-261.38927026747587
48,0.0,-35.284203745623486,-72.68696695506104,-115.20611691492958,-168.77391070510555,-251.45559174718258
49,0.0,-33.86485510815681,-69.76304813141329,-110.57181522429516,-161.9847814413078,-241.34049451832675
50,0.0,-33.40379111508272,-68.81323661036112,-109.06639958067457,-159.77938738572908,-238.0546865106529
51,0.0,-33.3457114818328,-68.69359008487244,-108.87676432443342,-159.50157675674126,-237.64077753731726
52,0.0,-33.13412061639144,-68.25770386351377,-108.1859010089989,-158.48948029319428,-236.13285896102076
53,0.0,-31.602720483574476,-65.1029541729288,-103.18574105026006,-151.16437835428783,-225.2192181325249
54,0.0,-29.113956652485008,-59.975994368095755,-95.05970201689502,-139.25994634208774,-207.48285127620295
55,0.0,-29.102228214639013,-59.951833285128075,-95.02140760641444,-139.2038460447422,-207.39926766184405
56,0.0,-28.969137817486143,-59.67766138175654,-94.5868554208192,-138.56723859947508,-206.45078871037856
57,0.0,-1.2371525110294135,-2.5485870202957233,-4.03941485699339,-5.917635804689908,-8.816662520859643
58,0.0,-1.1983256741752937,-2.4686020778061253,-3.9126417225250383,-5.7319165195553605,-8.53996008179624
59,0.0,-2.423535030988241,-4.9925856902389425,-7.913061100665773,-11.592424980298414,-17.271508795568714
60,0.0,-2.2376157625688946,-4.609584055361966,-7.306017871670869,-10.70312272388977,-15.946540829885523
61,0.0,-0.7874951850651746,-1.622273720749669,-2.5712430132936097,-3.766802929806112,-5.612145003645779
62,0.0,-0.08439057498331222,-0.1738481893867724,-0.27554286099630393,-0.4036629951824458,-0.6014159232074455
63,0.0,-0.0811169533318741,-0.16710438894516633,-0.2648541901840115,-0.3880043754707669,-0.5780862067299732
64,0.0,-0.45822864551969283,-0.9439705839722567,-1.496157977379878,-2.191831819672413,-3.2656016852571392
65,0.0,-0.1796580019090577,-0.3701031584025963,-0.5865996274665771,-0.8593529215015361,-1.2803465683354698
66,0.0,-1.9873752664602353,-4.094077943828293,-6.48896001599742,-9.506154600433598,-14.16318268804517
67,0.0,-0.9183922658375386,-1.8919272986852325,-2.9986338225067675,-4.392919148301596,-6.5449931172347435
68,0.0,-1.8817043885045819,-3.8763914212855366,-6.14393504085476,-9.00070214786324,-13.410111049009558
69,0.0,-0.6039993357468183,-1.2442644327421823,-1.9721124668774401,-2.88909254385316,-4.304447720574107
70,0.0,-0.3059390506367844,-0.6302475131426759,-0.9989186745039053,-1.4633894074988714,-2.180298174533299
71,0.0,-0.18927241434740896,-0.38990925872547655,-0.6179915537638635,-0.9053412622913894,-1.348864418034344
72,0.0,-0.16665803830971884,-0.3433226780671333,-0.5441535703835679,-0.797170571816046,-1.1877013279006747
73,0.0,-0.12310172377191785,-0.2535948095195518,-0.4019382634660141,-0.5888289129410564,-0.8772939023742403
74,0.0,-0.14235093336225707,-0.2932490035461799,-0.46478867399454044,-0.6809031001315988,-1.0144748750015358
75,0.0,-0.1548011854562614,-0.31889705469856905,-0.5054398732876553,-0.7404560306814394,-1.1032025541145376
76,0.0,-0.047893833141895,-0.09866334215825773,-0.15637769751665925,-0.22908918609274337,-0.34131908546270706
77,0.0,-0.09727392199229967,-0.20038843456458824,-0.31760815436308754,-0.46528753610601525,-0.6932300865419677
78,0.0,-0.07428235213710566,-0.15302481852955863,-0.24253859904901032,-0.35531262535882235,-0.5293788956573897
79,0.0,-0.0704888570171632,-0.14521005653534347,-0.23015249433611842,-0.33716730992959626,-0.5023442609224767
80,0.0,-0.07897609639546724,-0.16269413220495518,-0.25786409863222415,-0.37776407644000426,-0.5628292251165786
81,0.0,-0.06099030227858017,-0.12564262802309142,-0.19913885390865696,-0.29173314792229815,-0.43465208003176703
82,0.0,-0.1271935693448848,-0.2620241861916654,-0.4152985093957678,-0.6084013194584251,-0.9064547545591537
83,0.0,-0.03681637497461529,-0.07584330513670519,-0.12020879457242994,-0.17610270100603076,-0.2623747278518745
84,0.0,-0.06759073748558675,-0.1392398065010163,-0.22068987191178072,-0.32330481864138977,-0.481690589182555
85,0.0,-0.07802889361796655,-0.16074285402154218,-0.2547713958830392,-0.3732333488049968,-0.5560789116721225
86,0.0,-0.20486242439979893,-0.4220253453935141,-0.6688943468026137,-0.9799125062237433,-1.459967823720649
87,0.0,-0.1069911546458073,-0.22040634892287267,-0.3493357979636159,-0.511767693855565,-0.7624806924121903
88,0.0,-0.045631215550886936,-0.09400225326830533,-0.14899004641355668,-0.2182664728463955,-0.3251943671795267
89,0.0,-0.0640422525374609,-0.1319297759268689,-0.2091037475726319,-0.30633145327679123,-0.456402038281144
90,0.0,-0.2948646906746335,-0.607433858556035,-0.9627598874796743,-1.410417741967094,-2.101375896519604
91,0.0,-0.061797352180188427,-0.12730518529524074,-0.2017739448403149,-0.295593486361861,-0.44040358322683576
92,0.0,-0.22919047186775718,-0.47214216240129403,-0.7483276224154491,-1.0962801516604364,-1.6333435251028225
93,0.0,-0.2760913867854614,-0.5687600506031256,-0.9014633521142214,-1.3206199407449553,-1.9675865024742023
94,0.0,-0.12091412641826893,-0.24908826552320668,-0.39479556022395695,-0.5783650418250967,-0.8617038215825038
95,0.0,-0.034784950578658116,-0.07165848410446185,-0.11357601016409506,-0.1663858474791894,-0.2478976256545935
96,0.0,-0.17160270741153874,-0.35350890763883713,-0.5602983622784554,-0.8208222644395575,-1.222939892555725
97,0.0,-0.09643447313428091,-0.19865913405824362,-0.3148672779080532,-0.46127222467583073,-0.6872476896921936
98,0.0,-0.05769038328096188,-0.11884465392500765,-0.18836431988232047,-0.2759487408756409,-0.41113495349417867
99,0.0,-0.09061517094100198,-0.18667112295633956,-0.2958667298533063,-0.43343692489649804,-0.6457759850416918
100,0.0,-0.04554332217463359,-0.09382118915867274,-0.14870306658956256,-0.21784605500326387,-0.32456798827366334
101,0.0,-0.06922690127235225,-0.1426103737939354,-0.22603209467721466,-0.331131033534527,-0.49335083624842396
102,0.0,-0.062177067644820706,-0.12808741537272905,-0.2030137501800701,-0.297409768355447,-0.44310965468994795
103,0.0,-0.5503640097266768,-1.1337733699947763,-1.7969882757579732,-2.6325402410259957,-3.9222114445288927
104,0.0,-0.17785403316359782,-0.3663869057266246,-0.5807095063319573,-0.850724050005497,-1.2674904463253678
105,0.0,-0.0906471943630771,-0.1867370925737622,-0.29597128922310817,-0.43359010160460065,-0.646004202422073
106,0.0,-0.20848001663251353,-0.42947773992597754,-0.6807061126771476,-0.9972164304628551,-1.4857488730008128
107,0.0,-0.07284516160254066,-0.15006414463573411,-0.2378460419504344,-0.3484381534649517,-0.5191366467766192
108,0.0,-0.07199468917118766,-0.1483121350974258,-0.23506917253130993,-0.344370113295443,-0.5130756895836412
109,0.0,-0.1147772387564581,-0.2364460147897947,-0.3747580668867845,-0.5490106446645772,-0.8179688196645979
110,0.0,-0.23464934077572042,-0.48338766553878093,-0.766151323190108,-1.122391401336511,-1.6722465742241295
111,0.0,-0.2977880359318393,-0.6134560746627287,-0.9723048741800226,-1.424400894738709,-2.1222093413333663
112,0.0,-1.3899955778845399,-2.8634502670307946,-4.53846129592379,-6.648725623331521,-9.905910392161744
113,0.0,-2.0495072050562197,-4.222072391432636,-6.691826415750823,-9.80334850431571,-14.60597072709765
114,0.0,-1.4236363463894435,-2.932751687187175,-4.648301448118374,-6.8096385378082145,-10.145653916267193
115,0.0,-0.13717520852720325,-0.2825867892939819,-0.4478894642301519,-0.6561462053057118,-0.9775896738927967
116,0.0,-0.12081154859822052,-0.24887695083207934,-0.39446063436266865,-0.5778743843069057,-0.8609727928585353
117,0.0,-0.09527503466487883,-0.19627064128341917,-0.311081606426713,-0.45572631619753035,-0.6789848622660791
118,0.0,-0.09359963694577979,-0.19281925041393294,-0.30561128132324594,-0.4477124347712325,-0.6670450115639024
119,0.0,-0.3161639604892667,-0.651311264217349,-1.0323039300817871,-1.5122979229028686,-2.253166781008128
120,0.0,-0.10606296566825418,-0.21849423997956616,-0.3463051769911816,-0.5073279143796162,-0.7558658822754367
121,0.0,-0.05189134180251534,-0.1068983807611374,-0.16942992489421466,-0.24821035358725163,-0.3698076383862077
122,0.0,-0.0445359271185413,-0.09174591231012108,-0.1454138306059934,-0.21302741138394243,-0.3173887099263577
123,0.0,-0.22190909948944998,-0.45714222426282447,-0.7245532829528378,-1.0614513738751514,-1.5814522648289975
124,0.0,-0.21487147396736464,-0.44264441506033225,-0.7015747990242776,-1.027788503373568,-1.531298085272925
125,0.0,-0.5081389843085095,-1.0467880139024588,-1.6591197482397733,-2.4305664988714617,-3.621291553304705
126,0.0,-0.27045470143100725,-0.5571482379900635,-0.8830590645571169,-1.293658146806119,-1.9274162307708838
127,0.0,-55.03132085115203,-113.3668717321473,-179.68224051951873,-263.22972450436475,-392.18494057618926
128,0.0,-54.65529200963622,-112.5922362557608,-178.45447233771785,-261.4310766284465,-389.5051421162596
129,0.0,-2.563999482372015,-5.281948460324397,-8.371690240356015,-12.264304525774262,-18.27253951165881
130,0.0,-2.4792764184308607,-5.107415329481503,-8.095061772836571,-11.859051145781496,-17.668754080321143
131,0.0,-2.2479302600958846,-4.63083236087305,-7.339695639109805,-10.752459761424708,-16.020047889813036
132,0.0,-2.023604362002335,-4.168711428247137,-6.607251290099446,-9.679448184725052,-14.421372123852796
133,0.0,-4.095249376250187,-8.436388652277683,-13.371359655369622,-19.588687831112484,-29.185109650802318
134,0.0,-3.5439968720374457,-7.3007849456877,-11.571470364744545,-16.951897680122975,-25.256566281983215
135,0.0,-0.1004818543334223,-0.20699691222088717,-0.32808234363517497,-0.4806319460406111,-0.7160916630972263
136,0.0,-0.3037754544104853,-0.6257904124939302,-0.9918543371137033,-1.4530403402808079,-2.1648791396215787
137,0.0,-1.8255031778049742,-3.760614526491262,-5.960433004155896,-8.731876523101596,-13.0095887984506
138,0.0,-0.6282262445649264,-1.2941728998109208,-2.0512155156498673,-3.0049764157128243,-4.477102649589419
139,0.0,-0.7103914562377673,-1.4634367457170416,-2.3194923641389127,-3.3979948949709318,-5.062659350009205
140,0.0,-0.5136004888966753,-1.0580389466537516,-1.676952054748708,-2.456690355720377,-3.6602133858036896
141,0.0,-0.4336389937675181,-0.8933148509640128,-1.4158705401152685,-2.074212850033458,-3.0903616408231707
142,0.0,-0.36778145600965884,-0.757645509939392,-1.2008397220936942,-1.7591983954935364,-2.621022832802911
143,0.0,-0.26854261870756885,-0.5532092659011397,-0.8768159415047854,-1.2845121368478696,-1.9137896261815308
144,0.0,-0.21127114300791433,-0.43522757948814483,-0.6898193927683457,-1.0105671444833462,-1.505640049784266
145,0.0,-0.08236902018703852,-0.1696837001514778,-0.26894230172370504,-0.39399335062615926,-0.5870091574713927
146,0.0,-0.11830731458305205,-0.24371812178720206,-0.38628408377890705,-0.5658959542108842,-0.8431261765455424
147,0.0,-0.0787950039148009,-0.16232107395903583,-0.25727281530185714,-0.3768978620177747,-0.5615386556250518
148,0.0,-0.1001005318473161,-0.20621137161051528,-0.32683729122494193,-0.4788079772277137,-0.7133741390719822
149,0.0,-0.09804215004273592,-0.2019710171649661,-0.3201164884389802,-0.4689621791083125,-0.6987049228288201
150,0.0,-0.11546108624980744,-0.23785476983808032,-0.3769908908110188,-0.5522816725900059,-0.8228423114215521
151,0.0,-0.09071292047733931,-0.18687249117677177,-0.29618589093152836,-0.4339044874249371,-0.6464726046304436
152,0.0,-0.0456299584943046,-0.09399966367804789,-0.1489859420101064,-0.21826046000402252,-0.3251854086691108
153,0.0,-0.10701777950405937,-0.22046119726820881,-0.34942273053420037,-0.5118950477695591,-0.7626704365122762
154,0.0,-0.060879686033080825,-0.1254147538321569,-0.19877768186114356,-0.2912040404362675,-0.4338637648505767
155,0.0,-0.08006910607363218,-0.16494577883218542,-0.2614328741012593,-0.3829922380035285,-0.5706186426528168
156,0.0,-0.1922947858903716,-0.3961354732109456,-0.6278598702447789,-0.9197980846299947,-1.3704035812897934
157,0.0,-0.19300413565694483,-0.3975967640314557,-0.6301759613979354,-0.9231910968409381,-1.3754588169582904
158,0.0,-0.2846785928921412,-0.5864500620034808,-0.929501356821114,-1.3616948752143176,-2.0287838872466453
159,0.0,-0.1559968786850169,-0.32136023382636,-0.509343919837763,-0.7461753555009972,-1.111723753871585
160,0.0,-0.2598850682617442,-0.5353743421572396,-0.8485482561674823,-1.2431007263367342,-1.8520909270658976
161,0.0,-0.05026619786689112,-0.10355051483230551,-0.1641236829395741,-0.24043684962918072,-0.35822592513704815
162,0.0,-0.07920484961698863,-0.16316537361296493,-0.2586109985927066,-0.3788582651047363,-0.5644594525434586
163,0.0,-0.12304240890083797,-0.2534726183513676,-0.40174459504652277,-0.5885451938347025,-0.8768711903835056
164,0.0,-0.0707111610590982,-0.1456680123579149,-0.23087833714188108,-0.3382306504202421,-0.5039285277750194
165,0.0,-0.1601493424428291,-0.3299144865486882,-0.522902089624345,-0.7660377152277379,-1.1413166062130213
166,0.0,-0.5060224170586468,-1.042427794954114,-1.652208964711713,-2.42044238399544,-3.6062076740106193
167,0.0,-0.14353871723172576,-0.295695889055975,-0.4686668957711237,-0.6865845923417649,-1.0229397081013065
168,0.0,-64.58337969355166,-133.04452098380204,-210.8705766857352,-308.91981114312114,-460.2584225778182
169,0.0,-56.35699530991301,-116.09781774617149,-184.01068754324098,-269.57078477994816,-401.632461565896
170,0.0,-0.5424473022760434,-1.117464614467639,-1.7711395098140317,-2.594672483374886,-3.865792419997688
171,0.0,-0.240144309983536,-0.49470753683606394,-0.7840928947092913,-1.1486753285321816,-1.7114068949088552
172,0.0,-2.0714985339618024,-4.267375468384068,-6.7636300938861265,-9.908538991474083,-14.762693623924992
173,0.0,-0.24433675820469747,-0.5033441592609122,-0.7977816173855633,-1.168728944785371,-1.7412846996036073
174,0.0,-1.9676967548696758,-4.053539369342672,-6.424707895605018,-9.41202694540875,-14.022942261695128
175,0.0,-0.3612534239564887,-0.7441974850512232,-1.179525106937182,-1.7279730486849532,-2.574500310296559
176,0.0,-0.15817974762093817,-0.3258570370802018,-0.5164711843682231,-0.7566166093132735,-1.1272801372307164
177,0.0,-0.14886301672805985,-0.30666417345708996,-0.4860512152441357,-0.7120521600454285,-1.0608837379607297
178,0.0,-3.5493193334006032,-7.311749443455952,-11.588848682546466,-16.977356455537407,-25.294497212245183
179,0.0,-3.5118557990921304,-7.234572962446726,-11.466526854209224,-16.798158216017548,-25.027510453626707
180,0.0,-0.8345598702617487,-1.719228982721765,-2.724913467766978,-3.991926076526286,-5.94755510250531
181,0.0,-0.6707736077484805,-1.3818222854692717,-2.1901365051296,-3.2084919867725668,-4.780319705690052
182,0.0,-1.5764449022079436,-3.2475438397125838,-5.147235205392442,-7.540563280807029,-11.234655842012488
183,0.0,-0.53773288622914,-1.107752716024807,-1.755746514971331,-2.5721221535257817,-3.8321947714475613
184,0.0,-2.759119352585572,-5.68390372792053,-9.008774266463226,-13.197615754493693,-19.66307627365869
185,0.0,-0.39281466728564735,-0.8092149945142715,-1.2825754213263962,-1.8789390305668097,-2.799423938298078
186,0.0,-0.2121707159214551,-0.43708073811719045,-0.6927565797032709,-1.01487004556841,-1.5120509253399368
187,0.0,-1.3907629879986447,-2.865031164647389,-4.540966959363573,-6.652396353922634,-9.91137939936242
188,0.0,-0.1327103267808241,-0.27338894216961335,-0.43331122145066187,-0.6347894656551615,-0.9457703507273639
189,0.0,-1.1032940642192288,-2.2728329018212623,-3.6023549197919498,-5.277354569723159,-7.862710004439635
190,0.0,-6.30166320430251,-12.98169538967916,-20.575500388426185,-30.14256324456579,-44.90928749457412
191,0.0,-0.0765698772871812,-0.15773721805516888,-0.2500075755855188,-0.36625447821167073,-0.5456811195759372
192,0.0,-0.054465418231120825,-0.11220108816116073,-0.17783451727554822,-0.26052285887833293,-0.38815199203023043
193,0.0,-0.4224965277374384,-0.8703608949681445,-1.3794893806186137,-2.020915414717843,-3.010953999678255
194,0.0,-0.3558832537216288,-0.7331347049692799,-1.1619910153535769,-1.7022860688051287,-2.5362293790910537
195,0.0,-0.774231024048116,-1.5949489824479541,-2.5279343277433726,-3.703356852257915,-5.517616939993837
196,0.0,-0.48201237582018386,-0.9929660843634001,-1.573814008203909,-2.3055958485536734,-3.4350982684812164
197,0.0,-0.16549092584564531,-0.34091837653547474,-0.5403428426154627,-0.7915879565411074,-1.179383811161317
198,0.0,-0.21133715002002026,-0.4353635567527116,-0.6900349116336347,-1.0108828739142097,-1.5061104538327241
199,0.0,-0.1308253501599628,-0.26950580980989264,-0.4271566022751677,-0.6257731115329598,-0.9323369198627925
200,0.0,-0.29980928088575537,-0.6176199256095309,-0.9789044217892966,-1.4340690572350128,-2.136613898954027
201,0.0,-0.16072651606102142,-0.3311034888573511,-0.5247866136968466,-0.7687984930931082,-1.1454298783942425
202,0.0,-0.09155831062194301,-0.18861403098727594,-0.2989461662246905,-0.4379482176393116,-0.6524973425160174
203,0.0,-0.12861413013753967,-0.26495060210678056,-0.41993676888273895,-0.6151962467890566,-0.9165784903051866
204,0.0,-0.22520857309250275,-0.4639392808290773,-0.7353263627256291,-1.0772336504788724,-1.6049662172279588
205,0.0,-0.0898404163460793,-0.18507509539552455,-0.2933370860192971,-0.42973106366282715,-0.6402546368335917
206,0.0,-0.07602152111942635,-0.15660758092540528,-0.24821714309542114,-0.36363154202304465,-0.5417732171716463
207,0.0,-0.0653846150097652,-0.13469509996165593,-0.2134866824701123,-0.3127523368446306,-0.465968487682864
208,0.0,-0.16949482258338158,-0.34916657485009345,-0.5534159276426448,-0.810739679940023,-1.2079178892076998
209,0.0,-0.06586932954988804,-0.1356936326199115,-0.21506931928919273,-0.3150708578774967,-0.4694228431330752
210,0.0,-0.10904982769091127,-0.22464730333634184,-0.35605755167623243,-0.5216148850573356,-0.777151984203345
211,0.0,-0.15116455233139034,-0.31140543511489144,-0.49356593717785807,-0.72306102869389,-1.0772858084519608
212,0.0,-0.0735856387063752,-0.15158955910067232,-0.24026376667541907,-0.35198005616743927,-0.524413713808153
213,0.0,-0.18804562729941024,-0.38738202500180663,-0.6139859830812888,-0.8994732073060534,-1.340121625782994
214,0.0,-0.2323053965831556,-0.47855904037558455,-0.7584981333764031,-1.1111796809104053,-1.6555422756600202
215,0.0,-0.050973461675411905,-0.10500750849012151,-0.16643296325100101,-0.24381988413733635,-0.3632662950650508
216,0.0,-0.1171026486043637,-0.24123645841125957,-0.3823507403886251,-0.5601337102962303,-0.8345410317959928
217,0.0,-0.06823983935808228,-0.14057698408611072,-0.22280924824096018,-0.3264096488440741,-0.4863164636001636
218,0.0,-0.07540499046488985,-0.1553375014406547,-0.24620411473915624,-0.36068250878466224,-0.5373794640439176
219,0.0,-0.19938146603757986,-0.4107343370366627,-0.650998521961675,-0.9536955967003619,-1.4209073524046592
220,0.0,-0.14518324842874622,-0.29908369357145087,-0.4740364388879267,-0.6944508308262345,-1.0346595861599057
221,0.0,-0.4504635282370736,-0.927974110666722,-1.4708041670468184,-2.154689158885176,-3.2102629797172844
222,0.0,-0.11781135950297515,-0.24269643313647785,-0.3846647455800968,-0.5635236666285401,-0.8395917145228242
223,0.0,-0.11902946423537973,-0.24520578091914041,-0.3886419677168847,-0.5693501917449476,-0.8482726315843245
224,0.0,-0.0889623228076631,-0.18326618519677232,-0.29047003118710274,-0.42553090425121604,-0.6339968356967528
225,0.0,-0.07200643014034654,-0.14833632199543334,-0.23510750785766063,-0.34442627353345484,-0.5131593625033654
226,0.0,-0.22829583494634423,-0.47029917212688305,-0.745406551941314,-1.0920008607636773,-1.626967826274684
227,0.0,-0.09848746645988382,-0.20288838800691944,-0.32157048682273126,-0.47109224823967444,-0.7018785045254894
228,0.0,-0.09339599379840624,-0.1923997368312975,-0.3049463680262256,-0.44673835439752446,-0.6655937330116856
229,0.0,-0.18477470776703556,-0.3806437910408979,-0.6033061349321628,-0.8838275125622953,-1.3168111661648507
230,0.0,-0.10403283560685041,-0.21431208533179308,-0.3396766187022445,-0.4976172520057881,-0.7413980042528996
231,0.0,-0.11460206121356026,-0.23608514156834748,-0.37418609636327615,-0.5481727229930062,-0.8167204034320038
232,0.0,-0.09741913410712591,-0.20068757772417165,-0.31808228505337444,-0.4659821250126453,-0.6942649518467295
233,0.0,-0.26178898326105754,-0.5392964883855642,-0.8547647108617217,-1.2522076678565375,-1.8656593237410828
234,0.0,-0.14243163844905013,-0.29341525947246133,-0.4650521834032192,-0.6812891344377733,-1.0150500260096997
235,0.0,-0.24730636891210048,-0.5094616841713382,-0.8074776649658161,-1.1829333977460625,-1.7624478587065364
236,0.0,-0.2017963270167567,-0.4157090538096397,-0.6588832614985521,-0.9652465313396447,-1.4381170449028613
237,0.0,-0.05588012152334221,-0.11511543737516748,-0.1824536514937551,-0.26728976819664807,-0.39823398384891606
238,0.0,-0.11188506037616908,-0.23048800378090847,-0.36531484285881594,-0.5351765715133959,-0.7973574879962677
239,0.0,-0.06882745107120851,-0.14178748931622265,-0.22472785363761447,-0.3292203549468791,-0.49050412366773866
240,0.0,-0.22902959909161566,-0.47181075761042307,-0.7478023582493594,-1.0955106535657329,-1.6321970528907155
241,0.0,-0.11538465568535732,-0.23769731961042054,-0.376741338104448,-0.5519160844828562,-0.8222976231256242
242,0.0,-0.09183681171062823,-0.18918775512672806,-0.2998554974714806,-0.4392803638374205,-0.6544821019444135
243,0.0,-0.7207547436672771,-1.4847855605114808,-2.35332943502294,-3.447565307834687,-5.136514114929519
244,0.0,-0.29060293788005764,-0.5986544657494622,-0.9488448791021554,-1.3900326231534605,-2.071004187452109
245,0.0,-0.22537907579404548,-0.46429052367763735,-0.7358830694692432,-1.0780492111170723,-1.6061813178440876
246,0.0,-0.14941579293510276,-0.3078029160565983,-0.4878560795623301,-0.714696238480072,-1.0648231401149582
247,0.0,-0.15474844710091548,-0.31878841143372655,-0.5052676777869239,-0.7402037688324813,-1.1028267101689893
248,0.0,-0.23648053675716796,-0.487160007483956,-0.772130343713108,-1.131150508082535,-1.6852967332255797
249,0.0,-0.0979289019228602,-0.20173772120039016,-0.3197467230835578,-0.46842048265373976,-0.6978978513924655
250,0.0,-0.052536981264970486,-0.10822842563364446,-0.1715379961414148,-0.25129862214418663,-0.37440883767236505
251,0.0,-0.0693183766158014,-0.1427988169090026,-0.22633076994811527,-0.33156858489768964,-0.49400274231900193
252,0.0,-0.2043903502881135,-0.4210528525578021,-0.6673529821257903,-0.977654447786427,-1.4566035512558888
253,0.0,-0.18503356082475217,-0.3811770393972477,-0.6041513135805483,-0.8850656769024564,-1.3186559023893936
254,0.0,-0.16895190300926277,-0.3480481373354556,-0.5516432461225441,-0.8081427484524095,-1.2040487311060917
255,0.0,-76.96926475407187,-158.55997329764048,-251.31161179210798,-368.16485672438137,-548.5273850761431
256,0.0,-77.05120053974285,-158.72876451618237,-251.5791395439479,-368.5567777968841,-549.1113067545152
257,0.0,-77.04549576554211,-158.71701243763738,-251.56051294014858,-368.52949031553715,-549.070651242412
258,0.0,-74.48739105124037,-153.44720745134518,-243.20806965076204,-356.29338206328777,-530.8401212487802
259,0.0,-74.51787428486543,-153.51000421476834,-243.30760016595443,-356.439191632548,-531.0573623577144
260,0.0,-73.63089599646005,-151.68279105150756,-240.41153582136204,-352.19653405342484,-524.7362433667398
261,0.0,-73.66544888420812,-151.75397147626796,-240.52435412539265,-352.361809881482,-524.9824871787839
262,0.0,-73.72005917050035,-151.86647099882336,-240.70266164999197,-352.6230256835648,-525.3716715841937
263,0.0,-73.83804353865106,-152.1095238371646,-241.0878912844567,-353.18737689745143,-526.212496258151
264,0.0,-67.323208066874,-138.68868447038548,-219.81636415990954,-322.0251529147567,-479.7840202040631
265,0.0,-2.3592222505426172,-4.860098615265089,-7.703074055001983,-11.284799518707176,-16.813178819343396
266,0.0,-0.8644064927205959,-1.7807142999483299,-2.822365389916028,-4.134690562017709,-6.160259353000833
267,0.0,-0.5000957493412858,-1.0302186062862562,-1.6328578585089286,-2.3920935258117604,-3.5639708206951237
268,0.0,-0.9493408221960346,-1.9556826468165012,-3.099683658515251,-4.540954482326913,-6.765550384417282
269,0.0,-0.19242756950835366,-0.3964090131361205,-0.6282934207686312,-0.9204332246673317,-1.3713498739559031
270,0.0,-0.2671895136549137,-0.550421811691938,-0.8723979311107233,-1.2780398686063121,-1.904146618954715
271,0.0,-2.510185155905413,-5.1710886490109,-8.1959815965871,-12.006896015291543,-17.889027575164732
272,0.0,-0.3775182220005968,-0.7777036638071905,-1.2326311438078499,-1.8057719864907515,-2.690412644504666
273,0.0,-0.45242077416635207,-0.9320061208889178,-1.4771947520515232,-2.1640511966989653,-3.2242114433666176
274,0.0,-4.249896520913389,-8.754968376362374,-13.876296571533947,-20.32840704292619,-30.28721442135764
275,0.0,-4.17500659132455,-8.600691922328293,-13.631774177145697,-19.97018820992486,-29.753505578260896
276,0.0,-4.023884472308819,-8.289373901656289,-13.138346788581838,-19.24733015128181,-28.676522174096586
277,0.0,-3.900758923394504,-8.035730011325656,-12.736330733870757,-18.658387276226584,-27.799058480012626
278,0.0,-3.8592642548505482,-7.950249221592947,-12.600846887612382,-18.459907028973046,-27.503343533225205
279,0.0,-3.818292139892564,-7.865844914569316,-12.467069226080572,-18.26392629716538,-27.211352604758485
280,0.0,-3.6897625628754156,-7.601068495502406,-12.047408530784288,-17.64913449087025,-26.295376688768858
281,0.0,-2.916265654533205,-6.007631822767915,-9.521871157226231,-13.949289113024196,-20.782991480814946
282,0.0,-1.5810730278143594,-3.2570779761619333,-5.16234645414142,-7.562700860089263,-11.26763853510177
283,0.0,-0.13507778378760718,-0.27826600473449875,-0.4410411827296762,-0.6461136542450924,-0.9626422151704009
284,0.0,-0.4102479743451051,-0.8451283517571826,-1.3394967458314129,-1.9623272637308515,-2.9236637418756217
285,0.0,-1.749946736997369,-3.604965030875093,-5.713734390348107,-8.370469586275366,-12.471130011891079
286,0.0,-0.14288256821881534,-0.29434419406059253,-0.46652450989103,-0.6834460537562677,-1.0182636116955264
287,0.0,-0.9154360155460232,-1.8858372968022532,-2.9889813978929243,-4.378778601831589,-6.523925172163204
288,0.0,-0.5910606735848165,-1.2176102359862537,-1.9298665645324498,-2.827203415558914,-4.212239349547268
289,0.0,-0.3920903289522422,-0.8077228266058194,-1.2802103911467202,-1.8754743239778855,-2.794261885455263
290,0.0,-1.1832753894170585,-2.4375978482995495,-3.863501181393363,-5.659926928003706,-8.432703069929703
291,0.0,-0.5336195359177404,-1.099279038672902,-1.7423160541253513,-2.552446884015383,-3.8028806640902504
292,0.0,-1.062314871177078,-2.1884140136418924,-3.4685541476750763,-5.081339981520325,-7.570668633461717
293,0.0,-0.7386895666577975,-1.5217320619956902,-2.4118882544082503,-3.5333524276386705,-5.264328010362023
294,0.0,-0.25523393340564526,-0.5257928056706545,-0.8333618801369533,-1.220853087576344,-1.8189442567890783
295,0.0,-0.9605253203566428,-1.9787231907967493,-3.136202056720161,-4.594452968716139,-6.845257570773156
296,0.0,-0.2589824223809753,-0.5335148530844358,-0.8456010357165875,-1.238783126416455,-1.8456581517729298
297,0.0,-0.6220213745993906,-1.2813906026278281,-2.0309560539415914,-2.9752968407662017,-4.43288316655541
298,0.0,-0.5927461715394691,-1.221082433772433,-1.935369867818631,-2.8352656091496495,-4.22425118035494
299,0.0,-0.23423698985801977,-0.4825382050338797,-0.7648049601439959,-1.1204190151246838,-1.6693079236946906
300,0.0,-0.33721533229121886,-0.6946779893830541,-1.1010385632485102,-1.6129923404483781,-2.4031910012431226
301,0.0,-0.5441886094168257,-1.1210517815612524,-1.7768250351412298,-2.603001627430602,-3.8782019792626694
302,0.0,-0.8748385955710073,-1.8022048774494221,-2.8564271493741007,-4.184590137692849,-6.234604536310886
303,0.0,-0.2427643543402438,-0.5001049401315949,-0.7926475765339767,-1.1612077108835126,-1.730078842527952
304,0.0,-0.4732510773329321,-0.9749174352223439,-1.545207576126662,-2.2636881830382904,-3.372660200968956
305,0.0,-0.42983145616252844,-0.8854711608507461,-1.4034385854184637,-2.056000365591874,-3.0632269312385434
306,0.0,-0.18779655570682496,-0.3868689268814633,-0.6131727418013542,-0.8982818303649943,-1.3383465979220148
307,0.0,-1.1161117280500352,-2.2992378368462294,-3.6442057516405013,-5.338664930201306,-7.954056071553071
308,0.0,-0.12501416719320618,-0.25753452466145443,-0.40818256422945304,-0.5979766482148933,-0.8909230775045623
309,0.0,-0.28524616502792477,-0.587619284848234,-0.9313545311850343,-1.3644097265867343,-2.0328287337250175
310,0.0,-0.119562616840868,-0.24630409806118267,-0.3903827592009209,-0.571900405174152,-0.8520721846327969
311,0.0,-0.14028826706283634,-0.28899982285823794,-0.45805388194536395,-0.6710368081120136,-0.9997751249763663
312,0.0,-0.206130590828163,-0.4246378224083441,-0.6730350249051151,-0.9859784900017244,-1.4690055093087149
313,0.0,-0.19573979402459327,-0.4032323371282203,-0.6391081334263804,-0.9362764923451072,-1.3949546967183797
314,0.0,-0.6547509363413426,-1.3488148979284122,-2.137821033630567,-3.1318512063026103,-4.666132905582589
315,0.0,-0.4158918463459234,-0.8567549691687476,-1.3579244984389751,-1.9893234333472711,-2.9638852297669884
316,0.0,-0.2670869059560996,-0.5502104354492768,-0.872062907692562,-1.2775490681698853,-1.903415377297424
317,0.0,-0.2288626519739983,-0.4714668394166336,-0.7472572608088873,-1.09471210024923,-1.6310072914168956
318,0.0,-0.0861101507386169,-0.1773905888980001,-0.2811574313841728,-0.4118881921308807,-0.6136706120824319
319,0.0,-0.30686461369677365,-0.6321542125836292,-1.0019407216179623,-1.467816626499327,-2.186894270866571
320,0.0,-0.05154910484316326,-0.10619335800549959,-0.16831249026437364,-0.2465733414434013,-0.36736866037349547
321,0.0,-0.4772539374471627,-0.9831634980482594,-1.5582772764843287,-2.28283494798599,-3.4011868914381975
322,0.0,-0.22491059321774115,-0.4633254295582305,-0.7343534314803167,-1.0758083319670109,-1.6028426407324503
323,0.0,-0.19212016918980226,-0.3957757553486526,-0.627289730922205,-0.9189628456193037,-1.3691591619431884
324,0.0,-0.2052982678680747,-0.4229232015561339,-0.6703174151514074,-0.9819972636728979,-1.4630738957186042
325,0.0,-0.2151571767236986,-0.44323297494277514,-0.7025076443673784,-1.029155097100136,-1.5333341679397094
326,0.0,-0.15041868111805826,-0.3098689085539676,-0.49113060019743165,-0.7194933245035402,-1.0719702998842247
327,0.0,-0.17565011981926615,-0.361846750092501,-0.5735135299044336,-0.8401821350834644,-1.2517840883711466
328,0.0,-0.30877623864390885,-0.6360922416338135,-1.008182349989255,-1.4769604467894324,-2.2005176130778907
329,0.0,-0.10424902713430928,-0.21475744911343478,-0.340382503595326,-0.4986513546828273,-0.7429387098009067
330,0.0,-0.1904744090937941,-0.3923854192487671,-0.6219161753390451,-0.9110907289778687,-1.357430526041437
331,0.0,-0.1061999012456933,-0.21877633311858236,-0.34675228403823294,-0.5079829143644728,-0.75684176419995
332,0.0,-0.10284965416370477,-0.21187468101682574,-0.3358134242639254,-0.49195777444826577,-0.7329659706982986
333,0.0,-0.21138291445003302,-0.4354578334334619,-0.6901843366373164,-1.0111017775879365,-1.5064365975630118
334,0.0,-0.1509412389079872,-0.3109453999233778,-0.4928367986502968,-0.7219928600580775,-1.0756943481647525
335,0.0,-3.1642186778931003,-6.518425642724917,-10.331460207458194,-15.135315634277198,-22.55004777217873
336,0.0,-0.21951675305474577,-0.45221388841321725,-0.7167420554402506,-1.0500081324049078,-1.5644030239636024
337,0.0,-0.0723689930872981,-0.14908321715379344,-0.2362913086756316,-0.34616051038558654,-0.5157431952300033
338,0.0,-0.17540207912517194,-0.3613357756670863,-0.5727036546013238,-0.838995689209325,-1.2500164072875517
339,0.0,-0.09364512068092481,-0.19291294885126525,-0.30575978983279384,-0.4479299958053215,-0.6673691549006268
340,0.0,-0.13714500074889174,-0.2825245599802713,-0.44779083310147505,-0.6560017133138817,-0.9773743958373403
341,0.0,-0.18088346453734133,-0.3726276637650777,-0.5906008737989796,-0.8652146414283755,-1.2890799220078575
342,0.0,-8.84789527009655,-18.22704221288031,-28.88917840647685,-42.32188140078471,-63.055206145474884
343,0.0,-0.18137890497625037,-0.37364829223301216,-0.5922185316478242,-0.8675844673425143,-1.2926107164007112
344,0.0,-0.08375397572190027,-0.17253676771458556,-0.2734643068232548,-0.40061796835755104,-0.5968791496093162
345,0.0,-0.07461237015863222,-0.1537046697513182,-0.2436161377415687,-0.35689119101096944,-0.5317307944699139
346,0.0,-0.09355735609689061,-0.19273215005910574,-0.30547323052704534,-0.4475101940102846,-0.6667436938424186
347,0.0,-0.10856378819055541,-0.22364604120340784,-0.35447058874214,-0.5192900263805293,-0.7736881863221289
348,0.0,-0.06616804666670043,-0.13630900264087578,-0.21604465769648915,-0.3164997028179251,-0.47155167364076056
349,0.0,-0.08986292447598516,-0.18512146310461283,-0.29341057709944635,-0.4298387261492548,-0.6404150427524955
350,0.0,-0.24966053688884293,-0.514311370766671,-0.8151642363596685,-1.1941940213031643,-1.779225017854912
351,0.0,-0.13460277560300749,-0.2772874675832483,-0.4394902380393817,-0.6438415613417129,-0.9592570328093538
352,0.0,-0.11583609314177083,-0.23862730005473412,-0.378215322235089,-0.5540754322042037,-0.8255148268793969
353,0.0,-0.07782950435859379,-0.16033210362990213,-0.2541203719151332,-0.3722796159306618,-0.5546579487799153
354,0.0,-0.09546551759389678,-0.19666304425407566,-0.3117035504203751,-0.4566374476796149,-0.6803423535100154
355,0.0,-0.14331283094136912,-0.2952305536486317,-0.4679293566002267,-0.6855041169859086,-1.0213299120798713
356,0.0,-0.5211294886834362,-1.0735490078315622,-1.7015349200994287,-2.4927036025225573,-3.7138693818492063
357,0.0,-0.11105424889014424,-0.22877649662983487,-0.3626021682046482,-0.5312025749747176,-0.7914366460423199
358,0.0,-0.11433145477847588,-0.23552768075254982,-0.3733025418746155,-0.5468783390630069,-0.8147919058596821
359,0.0,-0.0641529101032931,-0.13215773523945423,-0.2094650545347698,-0.3068607584091744,-0.4571906479348645
360,0.0,-0.10864271916271102,-0.22380864237775108,-0.3547283055060473,-0.5196675746154986,-0.7742506939658795
361,0.0,-0.05537216539528089,-0.11406902605294532,-0.18079512878770293,-0.26486007634877223,-0.3946139954347207
362,0.0,-0.0870680967734225,-0.17936399865038208,-0.2842852118402557,-0.41647030767766113,-0.6204974881763494
363,0.0,-0.06485608364575247,-0.13360630277445937,-0.21176097975751507,-0.31022422806604455,-0.46220186826719284
364,0.0,-0.21049544705527012,-0.43362961269021144,-0.6872866753162239,-1.0068567804805275,-1.5001119929179627
365,0.0,-0.18441492443792154,-0.37990262201402036,-0.6021314098178658,-0.882106571375728,-1.314247142598516
366,0.0,-0.16957373844180665,-0.34932914488950617,-0.5536735950588547,-0.8111171558819225,-1.2084802891422874
367,0.0,-0.10845961695604196,-0.22343144401041645,-0.3541304602384886,-0.5187917471290386,-0.7729458020074237
368,0.0,-0.055131478886889664,-0.11357320156422826,-0.18000926556614713,-0.2637088075382869,-0.39289872452115826
369,0.0,-0.13261503010265308,-0.2731926269417827,-0.43300006917622974,-0.6343336358122074,-0.9450912116209866
370,0.0,-0.11017643268602567,-0.22696815775158266,-0.3597360188940223,-0.5270037421282266,-0.785180821349683
371,0.0,-0.18423549680022358,-0.37953299341573316,-0.6015455623503865,-0.881248320348691,-1.3129684377384485
372,0.0,-0.09371958193084264,-0.19306634220686505,-0.30600291254927936,-0.44828616414725775,-0.6678998087250776
373,0.0,-0.06071777349239705,-0.12508120708191311,-0.19824902276976977,-0.29042956886591814,-0.43270988267648963
374,0.0,-0.07602151192664508,-0.15660756198788317,-0.24821711308015879,-0.3636314980514801,-0.5417731516585836
375,0.0,-0.08035598026478347,-0.16553675192039233,-0.26236954428500264,-0.38436443502035844,-0.5726630736399235
376,0.0,-0.10787964713221368,-0.22223668139869765,-0.35223680630165066,-0.5160175942541677,-0.7688126024516779
377,0.0,-0.2931339432960587,-0.6038684450236514,-0.9571088407312826,-1.402139108116361,-2.0890415922121583
378,0.0,-0.11950651460279926,-0.24618852505423586,-0.39019958031881463,-0.5716320529623115,-0.851672367718304
379,0.0,-0.08175731871711703,-0.16842356899332286,-0.26694504109203915,-0.3910674166867964,-0.5826498198992415
380,0.0,-0.07546429588203502,-0.1554596731333295,-0.24639775229069547,-0.36096618267028385,-0.5378021086604593
381,0.0,-0.05140073641483952,-0.1058877127052828,-0.16782805392500835,-0.24586365503375762,-0.3663113013578376
382,0.0,-0.2225617608853191,-0.458486734618121,-0.726684281447814,-1.0645732302429813,-1.5861035064636955
383,0.0,-0.10086078777721737,-0.20777753130204515,-0.32931959560615776,-0.482444487416557,-0.7187921614286958
384,0.0,-0.07250450610926214,-0.14936237976776348,-0.23673377095037743,-0.3468087059020058,-0.5167089392035128
385,0.0,-0.12083162616720054,-0.24891831148183383,-0.394526189441535,-0.5779704207615934,-0.8611158771980634
386,0.0,-0.3048283485168373,-0.6279594193296046,-0.9952921316120552,-1.4580766181905631,-2.1723826704499514
387,0.0,-0.09416196025510573,-0.1939776604519689,-0.3074473177939919,-0.45040217958394774,-0.6710524518768308
388,0.0,-0.06237589406334023,-0.12849700628816849,-0.20366293642167763,-0.29836080900941647,-0.4445266064535257
389,0.0,-0.1354682168058042,-0.2790703134301533,-0.44231598185129256,-0.6479812012024949,-0.9654246661032931
390,0.0,-0.07907326744187695,-0.1628943087114251,-0.25818137088850435,-0.37822887189431315,-0.563521722052369
391,0.0,-0.10158709366850834,-0.2092737524637904,-0.3316910500403094,-0.48591860536817827,-0.7239682362241115
392,0.0,-0.1106928848331546,-0.22803207123600946,-0.36142228187085035,-0.5294740727382468,-0.7888613572972037
393,0.0,-0.10939774006505505,-0.22536401768888784,-0.3571935170487465,-0.5232790442485211,-0.7796314084960738
394,0.0,-0.05837106927116984,-0.12024689614177175,-0.1905868212128197,-0.2792046464745826,-0.41598591455584044
395,0.0,-0.16298637277164468,-0.335758890215774,-0.5321652502757532,-0.7796080003002072,-1.1615349210510177
396,0.0,-0.13877126985535673,-0.2858747438090992,-0.4531007488406897,-0.6637805992690745,-0.9889641277030348
397,0.0,-0.11730913041932535,-0.24166181977038617,-0.38302492219209655,-0.5611213687864659,-0.8360125403311018
398,0.0,-0.07884578330049025,-0.16242568166270427,-0.25743861458945816,-0.3771407535838641,-0.5619005388226754
399,0.0,-0.18196983865446736,-0.3748656408531158,-0.5941479835609932,-0.8704110633048054,-1.2968220507080024
400,0.0,-0.226746815265863,-0.4671081254154536,-0.7403488625656488,-1.0845914797523113,-1.6159286183846164
401,0.0,-0.10801076435540177,-0.22250678847941346,-0.3526649158957645,-0.5166447634735098,-0.7697470194271241
402,0.0,-0.09627091579017576,-0.19832219894269057,-0.3143332483847255,-0.46048988556487397,-0.6860820857000202
403,0.0,-0.17845151416067123,-0.36761774210325493,-0.5826603358334399,-0.8535819635686044,-1.2717484406040518
404,0.0,-0.10869783048647919,-0.22392217405890977,-0.3549082489633276,-0.5199311870156407,-0.7746434490533969
405,0.0,-0.05608026752327097,-0.11552774668467865,-0.18310714628802852,-0.2682471207661857,-0.39966033971089754
406,0.0,-0.10827072102050396,-0.22304231031412045,-0.3535136979220924,-0.5178882066669416,-0.7715996205945801
407,0.0,-0.11061666445652028,-0.22787505400422883,-0.361173415446511,-0.5291094900163938,-0.788318166920911
408,0.0,-0.15978747302068763,-0.32916902008106225,-0.5217205532276129,-0.7643067956927608,-1.1387377159442824
409,0.0,-78.64465374664105,-162.01134619010244,-256.7819084026657,-376.1786964093215,-560.4671735880337
410,0.0,-0.8516597089019277,-1.7544553807761558,-2.780745987718664,-4.073719239850462,-6.069418417745373
411,0.0,-0.3494659697853585,-0.719914825932764,-1.1410380028166294,-1.6715904602592297,-2.49049611155757
412,0.0,-0.7534379817025476,-1.5521144269974865,-2.4600431636193205,-3.603898094525464,-5.369433724498217
413,0.0,-0.26086602247278207,-0.5373951497355027,-0.8517511604002026,-1.2477928962270648,-1.8590817726973232
414,0.0,-0.30948884564342327,-0.6375602424933221,-1.0105090763026023,-1.480369039228444,-2.2055960616674612
415,0.0,-0.40963887165655233,-0.8438735741996597,-1.3375079704559927,-1.9594137604672048,-2.91932292471877
416,0.0,-0.3656882857822137,-0.7533334898566801,-1.1940053319602393,-1.7491861949177694,-2.606105694188579
417,0.0,-0.38964147864918486,-0.802678090373723,-1.272214673392818,-1.8637608091892846,-2.7768099654262635
418,0.0,-0.3004729967351457,-0.6189872086112955,-0.9810715140749668,-1.4372437900504718,-2.1413439210019565
419,0.0,-0.2607536391995812,-0.5371636353920208,-0.8513842188474047,-1.2472553365685646,-1.858280864657314
420,0.0,-0.27224776150271013,-0.5608420183321088,-0.8889135678851596,-1.3022348391586565,-1.940194611278456
421,0.0,-0.2736614872488552,-0.5637543537594404,-0.8935295103270019,-1.3089970726091134,-1.9502696365398444
422,0.0,-0.2950528673026641,-0.6078215104481391,-0.9633743011919929,-1.4113178417864065,-2.102716951732173
423,0.0,-0.06982453553049726,-0.14384152589492016,-0.2279834245899596,-0.3339896801868832,-0.4976099227539224
424,0.0,-0.34128720758943276,-0.7030662264361041,-1.114333604424754,-1.6324692237284302,-2.4322095337290683
425,0.0,-0.23212761387959718,-0.47819280041189155,-0.7579176567676843,-1.110329298049236,-1.6542752935496121
426,0.0,-0.05731581213771168,-0.11807302136931697,-0.1871413112172151,-0.27415706556565295,-0.4084655434330524
427,0.0,-0.19829340228319553,-0.40849287922369604,-0.6474458953811745,-0.9484910928309299,-1.4131531823746408
428,0.0,-0.31729449648903274,-0.6536402166700933,-1.0359952323853494,-1.5177055830345525,-2.261223632761455
429,0.0,-0.18933422425558308,-0.3900365897766556,-0.6181933687051598,-0.9056369158364737,-1.3493049110988273
430,0.0,-0.08840053964896735,-0.18210888789210822,-0.28863575835702454,-0.4228437431253791,-0.6299932448088341
431,0.0,-0.2719138724667389,-0.5601541926552347,-0.8878233899802811,-1.3006377573951378,-1.9378151253837672
432,0.0,-0.21214732001429543,-0.4370325415490361,-0.6926801899500828,-1.0147581366027354,-1.5118841926081539
433,0.0,-0.141933379282541,-0.2923888243052628,-0.46342532215378807,-0.6789058257854745,-1.0114991437378118
434,0.0,-0.0932473495448986,-0.19209352331941942,-0.3044610310926847,-0.4460273486412606,-0.6645344083066406
435,0.0,-0.09602618496866468,-0.19781804299618527,-0.313534180114999,-0.4593192717084788,-0.6843379926779558
436,0.0,-0.22443479939781594,-0.4623452739646494,-0.7327999216196188,-1.073532481156914,-1.599451859480832
437,0.0,-0.03940211318996723,-0.08117003631558398,-0.12865146374237504,-0.18847098778418192,-0.28080219011606894
438,0.0,-0.2659651767874881,-0.5478996254449133,-0.8684003604893545,-1.272183533498807,-1.8954212881036654
439,0.0,-0.15377973185018062,-0.31679281663650055,-0.5021047348666866,-0.7355701412067912,-1.0959230864294778
440,0.0,-0.07240529094496721,-0.14915799229113125,-0.23640982446429828,-0.34633413287777026,-0.5160018747043977
441,0.0,-0.08093468904544601,-0.16672891672932158,-0.2642590808018349,-0.38713255598394736,-0.5767872862745602
442,0.0,-0.07321679121857251,-0.15082971751970148,-0.2390594462630916,-0.3502157586529195,-0.5217850938177873
443,0.0,-0.10766633640802643,-0.22179725219485508,-0.35154032749183844,-0.5149972712400517,-0.7672924271697524
444,0.0,-0.1427384469167292,-0.29404729802185015,-0.4660539408030106,-0.6827566825026509,-1.017236520151653
445,0.0,-0.0803019620084802,-0.165425472004904,-0.26219316979187024,-0.38410605105818946,-0.572278108381764
446,0.0,-0.05958968729132775,-0.12275730131913236,-0.1945657192805525,-0.28503362678544686,-0.4246704896019925
447,0.0,-0.061958136830919,-0.1276364085440007,-0.20229892126896648,-0.2963625629288366,-0.4415494274064238
448,0.0,-0.33976819919314744,-0.6999370042521135,-1.1093739046067042,-1.6252033948242774,-2.42138420356403
449,0.0,-0.049168850224261734,-0.10128993181297326,-0.16054074362416546,-0.23518793840576782,-0.35040559276341554
450,0.0,-0.10389137882409964,-0.21402067831670207,-0.3392147495108782,-0.49694062587040105,-0.740389901611001
451,0.0,-0.1175819521813804,-0.24222384425437574,-0.38391570992370716,-0.5624263492258558,-0.8379568256014637
452,0.0,-0.0539417317213884,-0.11112227158073971,-0.17612463345042467,-0.25801792435102305,-0.3844198998412118
453,0.0,-0.1837410994173696,-0.37851451368782846,-0.5999313101739129,-0.878883483654396,-1.309445076764794
454,0.0,-0.06441912183343712,-0.13270614277534562,-0.21033425991427057,-0.3081341212742086,-0.45908782630442624
455,0.0,-0.2653860925322236,-0.5467066871422649,-0.8665095980139829,-1.2694136165384202,-1.8912943996204
456,0.0,-0.10285454252582815,-0.2118847512516166,-0.33582938520844235,-0.4919811568093488,-0.7330008079869412
457,0.0,-0.15577153814781744,-0.3208960226938334,-0.5086081626002911,-0.7450974906304244,-1.110117847201999
458,0.0,-0.24915633910284005,-0.5132727017896347,-0.8135179849804036,-1.1917823066240958,-1.775631813554455
459,0.0,-0.11020814441344731,-0.22703348526470446,-0.3598395605525857,-0.5271554279163133,-0.7854068174141436
460,0.0,-0.08694768272685079,-0.17911594057070476,-0.28389204908596616,-0.4158943346532945,-0.6196393482122552
461,0.0,-0.09954793664617653,-0.20507300189089991,-0.3250330179073951,-0.4761647645933697,-0.7094360268702454
462,0.0,-0.29508717235844434,-0.6078921803284592,-0.9634863103022305,-1.411481932166984,-2.1029614293506373
463,0.0,-0.07570085100026819,-0.15594698678183994,-0.2471701261496741,-0.3620976899217823,-0.5394879369043099
464,0.0,-0.13801066693238953,-0.284307869297031,-0.4506173114957258,-0.6601424293183404,-0.9835436324735491
465,0.0,-0.21854350158341107,-0.45020894880778134,-0.7135643013494241,-1.0453528068064937,-1.5574670724990993
466,0.0,-0.16834254280314517,-0.3467928292807488,-0.5496536299289805,-0.8052280134124473,-1.1997060787305087
467,0.0,-0.08058140406570173,-0.16600113457973636,-0.2631055733860481,-0.3854426981638679,-0.5742695736948052
468,0.0,-0.8206519029967424,-1.690577976047738,-2.6795026965807334,-3.9254004991830573,-5.848438904111393
469,0.0,-0.21426573757645798,-0.4413965722197588,-0.6995970149151753,-1.0248911020240365,-1.526981258295155
470,0.0,-0.120624147164851,-0.2484908958740912,-0.39384875173104,-0.5769779924537825,-0.8596372621303395
471,0.0,-0.09896373573079553,-0.20386952304984254,-0.32312554907390784,-0.4733703732607161,-0.7052726741151306
472,0.0,-0.14810780843670693,-0.30510841211659023,-0.4835853918593719,-0.7084397940799825,-1.0555016879883514
473,0.0,-0.09603234351957372,-0.19783072987413336,-0.31355428834079796,-0.4593487297268229,-0.6843818820646712
474,0.0,-0.1133360693542058,-0.23347714425856864,-0.3700525184252951,-0.5421171407680402,-0.8076982150772339
475,0.0,-0.1332474336538299,-0.2744954052716566,-0.4350649239758321,-0.6373585934177521,-0.9495980841674281
476,0.0,-0.11040859848826867,-0.22744642922165445,-0.3604940612392509,-0.5281142540915694,-0.7868353687955416
477,0.0,-0.11294015531493626,-0.23266154442537135,-0.3687598232740829,-0.5402233766011539,-0.8048767032261159
478,0.0,-0.10603669823878152,-0.2184401279527839,-0.3462194114578937,-0.5072022701443591,-0.7556786854190376
479,0.0,-0.11217190489019747,-0.23107891573297454,-0.3662514161440686,-0.5365486265765029,-0.7994017074870757
480,0.0,-0.11077743009556014,-0.2282062380880938,-0.36169832980027267,-0.5298784756452994,-0.7894638756122228
481,0.0,-0.12191236513675564,-0.2511446799251586,-0.3980548999369937,-0.5831398881997198,-0.8688178465856374
482,0.0,-0.9067470710780652,-1.8679377000316963,-2.960611208233562,-4.337217025202878,-6.462002741134282
483,0.0,-0.08555918100674621,-0.17625556771451398,-0.27935846537082315,-0.40925275455665194,-0.6097440839124569
484,0.0,-0.15238375086890957,-0.3139170361828144,-0.4975467306872871,-0.7288927857766494,-1.0859745205997366
485,0.0,-0.15341573286378907,-0.3160429631755506,-0.5009162452500449,-0.733829035388763,-1.0933290196573229
486,0.0,-0.18344654537237376,-0.3779077197726406,-0.5989695645726744,-0.8774745518149146,-1.3073459147085964
487,0.0,-0.07406451083184767,-0.15257605613517702,-0.24182732748218166,-0.35427063134737885,-0.5278264328410106
488,0.0,-0.07447882557181203,-0.1534295621978303,-0.24318010258562528,-0.35625241105341016,-0.5307790787008521
489,0.0,-0.07000939029688379,-0.1442223346101371,-0.2285869921235262,-0.3348738906415233,-0.49892730446399647
490,0.0,-0.06942685794532996,-0.14302229308183992,-0.2266849713018671,-0.33208748050193854,-0.49477584285732745
491,0.0,-78.62813321186115,-161.9773131827464,-256.7279673622196,-376.09967421338797,-560.3494387263089
492,0.0,-78.61018825872986,-161.94034581273948,-256.66937546700836,-376.0138386383748,-560.2215526376491
493,0.0,-0.5233921410095372,-1.07821016827729,-1.708922684615752,-2.5035264819162704,-3.7299943476746984
494,0.0,-0.16791890576557766,-0.3459201188868114,-0.5482704166806002,-0.8032016426300639,-1.1966869967998084
495,0.0,-0.13506577118203542,-0.27824125825387713,-0.4410019604858661,-0.6460561946964875,-0.9625566064128885
496,0.0,-0.3002598416481996,-0.618548100026818,-0.9803755434348252,-1.4362242114914672,-2.1398248548808
497,0.0,-0.1517747336709642,-0.31266243473959465,-0.4955582344464332,-0.7259796914377513,-1.0816343126982744
498,0.0,-0.119637736533661,-0.24645884783723215,-0.39062803179295436,-0.5722597230268387,-0.8526075309010395
499,0.0,-0.12401420824556166,-0.25547456651395417,-0.40491760781261016,-0.5931935735179203,-0.8837967931560304
500,0.0,-0.16654573508834591,-0.3430913286338364,-0.5437868902072293,-0.7966333950671377,-1.1869009903561736
501,0.0,-0.09824555174791692,-0.20239003336637118,-0.32078061340540187,-0.4699351045985679,-0.7001544807246821
502,0.0,-0.10599823985240471,-0.2183609020340167,-0.3460938413475625,-0.5070183132577303,-0.7554046087706388
503,0.0,-0.11453704793857947,-0.23595121144470807,-0.3739738221395908,-0.5478617468761763,-0.8162570813275978
504,0.0,-0.17201840477537533,-0.35436526196572893,-0.5616556517739093,-0.822810657610346,-1.2259023917909315
505,0.0,-0.22065345613887236,-0.4545555453231843,-0.720453493832103,-1.0554452913727475,-1.572503825917943
506,0.0,-0.2202413880771936,-0.45370666751377087,-0.7191080543364884,-1.053474258137944,-1.5695671911836986
507,0.0,-0.10179577990680497,-0.20970365502915367,-0.332372429485374,-0.4869168082127594,-0.7254554547516625
508,0.0,-0.09693175961833138,-0.19968356545802712,-0.3164909632612713,-0.4636508807242728,-0.6907916400677295
509,0.0,-0.22172843490204652,-0.456770047495305,-0.7239633967326798,-1.0605872061823836,-1.5801647447517182
510,0.0,-0.21360447656107126,-0.4400343462809052,-0.6974379378845826,-1.021728111345028,-1.522268730810557
511,0.0,-3.7691714182102913,-7.7646541296087515,-12.306685626499538,-18.02896857062174,-26.861290003751183
512,0.0,-3.3037938007363556,-6.805956358027362,-10.787185609018099,-15.802941280281003,-23.5447406200254
513,0.0,-0.25784674856647327,-0.5311753165138627,-0.8418929579831634,-1.233350890724225,-1.837564684987731
514,0.0,-0.18026185321458815,-0.37134711788676933,-0.5885712566014079,-0.8622413059767391,-1.2846499611073217
515,0.0,-4.509406485876222,-9.289569989700528,-14.723620081499952,-21.569713548508158,-32.13663214591416
516,0.0,-4.433168023885766,-9.132515501313714,-14.474694606836904,-21.205044319494654,-31.59331288293991
517,0.0,-1.1369827460171045,-2.3422330254078827,-3.7123515132221563,-5.438496666467588,-8.102794986312526
518,0.0,-2.6138529120914793,-5.384648655140741,-8.534466197956679,-12.50276699346874,-18.62782381284668
519,0.0,-0.7786858865476136,-1.6041261894957537,-2.542479856775489,-3.7246656671347993,-5.549364860225776
520,0.0,-0.49233029825283714,-1.0142214453264535,-1.6075029582696412,-2.3549492683407593,-3.508629736262353
521,0.0,-2.8510251099004007,-5.873233513937068,-9.308854877568997,-13.637225903844504,-20.318049721754132
522,0.0,-2.1343901513752743,-4.396934886803717,-6.968976913696513,-10.209366645059934,-15.210895572498185
523,0.0,-6.835650582197479,-14.0817321985383,-22.319017479880884,-32.69676961646606,-48.7147896128063
524,0.0,-0.31286333543861555,-0.644511835619857,-1.0215270907284313,-1.4965101386131714,-2.229644622729298
525,0.0,-11.825382329329857,-24.36079274453168,-38.610942987922726,-56.564009087256316,-84.27449667550296
526,0.0,-0.320690184557867,-0.6606354791458596,-1.0470824610921408,-1.5339480795081455,-2.2854232649507877
527,0.0,-0.2046723409761845,-0.4216337654210546,-0.6682737072302319,-0.9790032856842943,-1.4586131795826975
528,0.0,-0.3625276595031919,-0.7468224647090869,-1.1836856012600516,-1.7340680627010545,-2.5835812479232523
529,0.0,-13.260295347737602,-27.316774857783347,-43.29606379022909,-63.42758700399988,-94.50051466221207
530,0.0,-2.8169442307271475,-5.803025447003634,-9.197577724231383,-13.47420782074403,-20.07516971512121
531,0.0,-13.73402066958851,-28.292669256971077,-44.84281981760545,-65.6935436271171,-97.87655460321317
532,0.0,-0.17617370499985216,-0.3629253579305519,-0.5752230828807282,-0.8426865849260006,-1.25551545843021
533,0.0,-16.88344729602758,-34.78062264182706,-55.125982639029075,-80.75810486973376,-120.32118568302882
534,0.0,-0.8086612986306483,-1.6658768188496649,-2.640352288697369,-3.8680461883086217,-5.762986939883448
535,0.0,-0.2288008108810454,-0.47133944412347806,-0.7470553440464673,-1.0944162975388958,-1.6305665761116876
536,0.0,-1.2495027718688294,-2.5740290851923233,-4.079739575795415,-5.976710449965272,-8.904677604606361
537,0.0,-0.48221599309317303,-0.9933855446436984,-1.574478837018724,-2.3065698051631873,-3.4365493626376433
538,0.0,-1.1687996122972204,-2.407777129069375,-3.8162364596690024,-5.590685362213417,-8.329540330934334
539,0.0,-0.6761129914414459,-1.3928216439598002,-2.207570075869077,-3.234031706277463,-4.818371234236913
540,0.0,-0.8075194972030652,-1.6635246591343906,-2.6366242037529526,-3.8625846425820645,-5.754849804192344
541,0.0,-1.0088737859667043,-2.0783230952600134,-3.294064170369844,-4.825716785137489,-7.189816629486627
542,0.0,-0.7907614462102556,-1.6290023582337598,-2.5819076513868406,-3.7824263422207345,-5.63542226490859
543,0.0,-0.24575719345153005,-0.5062703165462705,-0.8024194669540683,-1.1755232715963038,-1.7514075406376817
544,0.0,-0.27305164062267095,-0.5624980436586179,-0.8915383059279209,-1.306080010890123,-1.9459235176542458
545,0.0,-2.3210281025083743,-4.781417038771072,-7.578366706761344,-11.10210655569569,-16.540985285815765
546,0.0,-0.462785120946924,-0.9533571179917975,-1.5110352818125934,-2.2136266767260007,-3.2980737578337527
547,0.0,-0.2403495955321971,-0.49513043383551036,-0.7847631705950814,-1.1496572649564398,-1.712869878160167
548,0.0,-0.9627152890761699,-1.9832346199081012,-3.143352502686316,-4.60492818271788,-6.860864551286208
549,0.0,-0.19022838821626845,-0.3918786057317643,-0.6211128949197371,-0.9099139444338713,-1.3556772393359648
550,0.0,-0.16503413117863094,-0.3399773600084789,-0.5388513667076155,-0.7894029838293223,-1.1761284288341673
551,0.0,-0.2153108374058651,-0.4435495225119778,-0.7030093603942591,-1.0298900977944359,-1.534429242609412
552,0.0,-0.9169818217768052,-1.8890217236700328,-2.994028595064644,-4.386172612042001,-6.534941479156839
553,0.0,-0.1531479874292321,-0.31549139614305316,-0.5000420321869024,-0.7325483363997934,-1.0914209112253033
554,0.0,-0.43753668184896916,-0.9013442549097576,-1.4285968442724164,-2.0928565486402824,-3.1181388147118914
555,0.0,-1.2130001537454043,-2.498832132571855,-3.9605552257234664,-5.8021085330258915,-8.644538889085942
556,0.0,-38.332833916663496,-78.96727533606207,-125.160170191781,-183.3563351795084,-273.1818891352104
557,0.0,-0.3796385756418383,-0.7820716828835195,-1.239554290246266,-1.8159142127030836,-2.7055235078081292
558,0.0,-0.3339853358683721,-0.6880240587758898,-1.090492332753754,-1.5975423920301726,-2.38017218331248
559,0.0,-0.6085140967775585,-1.2535650333230337,-1.9868535700322747,-2.910687869641164,-4.33662251229582
560,0.0,-0.9673652428785688,-1.9928137233736134,-3.1585350224696804,-4.627170172178285,-6.894002804692999
561,0.0,-0.49845125425167425,-1.0268308761535851,-1.627488433286082,-2.3842274600388147,-3.5522511999587514
562,0.0,-28.978807526082417,-59.697581394526836,-94.61842789407402,-138.61349143677694,-206.5197006323998
563,0.0,-28.88642624178676,-59.507272002616666,-94.31679464436134,-138.17160671297978,-205.86133830470212
564,0.0,-28.886311042704506,-59.50703468758624,-94.31641850893726,-138.1710556845433,-205.86051732958228
565,0.0,-0.9629339500376197,-1.9836850708292513,-3.144066450504754,-4.605974097367066,-6.862422855445479
566,0.0,-0.30184020811666734,-0.6218037224605438,-0.9855355829087872,-1.4437835326866806,-2.151087458066376
567,0.0,-0.5351651499858296,-1.1024630696773263,-1.7473626238684974,-2.559839975059548,-3.813895601621677
568,0.0,-0.2534213154169056,-0.5220587351840557,-0.8274435184406447,-1.2121828444052203,-1.806026495281518
569,0.0,-0.3568035263063279,-0.7350305058051417,-1.1649957885872535,-1.706687982028227,-2.5427877724452728
570,0.0,-0.8577001639715601,-1.7668989762503593,-2.8004686199194198,-4.102612373783427,-6.112466185378364
571,0.0,-0.22082830367260398,-0.4549157387116521,-0.721024386845832,-1.0562816345210233,-1.5737498903148324
572,0.0,-0.4930569501392009,-1.0157183792528288,-1.609875542409003,-2.3584250412806,-3.5138082768182657
573,0.0,-0.19683628033608727,-0.40549114576862016,-0.642688260417719,-0.941521283588226,-1.40276889074943
574,0.0,-0.3427426227742176,-0.7060644438878858,-1.1190856666548359,-1.6394308690643036,-2.442581661981312
575,0.0,-0.447760621808925,-0.922406007964395,-1.461978933063466,-2.1417604247854247,-3.191000509173035
576,0.0,-0.3993413868504173,-0.82266031562027,-1.3038857510895585,-1.9101580993876097,-2.8459371072549007
577,0.0,-41.14013972247514,-84.75044521601414,-134.3262775868051,-196.7844398012755,-293.18836987386743
578,0.0,-42.44734311611912,-87.44334004686687,-138.59441491209253,-203.03714796560936,-302.50425539738427
579,0.0,-1.284212515595965,-2.6455326399700296,-4.19307002878634,-6.142736562687945,-9.152039262849323
580,0.0,-48.6720912370735,-100.2665870792591,-158.91878059591807,-232.8118055178019,-346.86540163483886
581,0.0,-50.32842051253906,-103.67869614031163,-164.3268455060572,-240.7344774094795,-358.6693596068828
582,0.0,-1.4843009297680176,-3.057723320362485,-4.846376800355121,-7.099813683941925,-10.577984735506604
583,0.0,-0.7943007112810343,-1.6362933954667258,-2.5934636719924535,-3.799355606412828,-5.6606451096449755
584,0.0,-0.2793070853310162,-0.5753845269723047,-0.9119628987462834,-1.3360014985404696,-1.9905034254826557
585,0.0,-0.7450370890277793,-1.5348082292256398,-2.4326134891208793,-3.5637143477033355,-5.309564116727899
586,0.0,-45.74577270890066,-94.23824590736386,-149.36408589691067,-218.81443078521215,-326.01076757685144
587,0.0,-1.4335576693893062,-2.9531900363770998,-4.68069546516105,-6.857094915005419,-10.21635898768757
588,0.0,-52.7276141761937,-108.62113757405058,-172.1604298405439,-252.21047103181334,-375.76739777602234
589,0.0,-1.548286251402788,-3.1895358161978877,-5.055294663380698,-7.405872821279369,-11.033981051331093
590,0.0,-1.7343450318517044,-3.572824851815329,-5.662793411771918,-8.29584240154179,-12.359943260223067
591,0.0,-2.402673841440717,-4.949610748641395,-7.844947429762978,-11.492640256026924,-17.122839923797066
592,0.0,-3.3004644150419824,-6.79909768127523,-10.776314863561401,-15.787015926036476,-23.521013496807065
593,0.0,-0.48526299687119645,-0.9996625025856104,-1.5844275799752583,-2.3211444501589393,-3.45826406941075
594,0.0,-0.1594473090727612,-0.3284682678175143,-0.5206098871675939,-0.7626796993244729,-1.136313511406933
595,0.0,-1.1427424301847287,-2.3540982208302283,-3.731157403030303,-5.466046797070061,-8.143841818517899
596,0.0,-25.88205315976457,-53.3181351155271,-84.50724476649431,-123.8008758917428,-184.45044246543006
597,0.0,-1.8204356324084885,-3.7501751665036265,-5.943887010043966,-8.707637079853663,-12.973474546431039
598,0.0,-0.4226145118824484,-0.8706039473468064,-1.3798746095245038,-2.0214797648643876,-3.011794822761983
599,0.0,-5.224756921036308,-10.763222443830774,-17.059303960392096,-24.99142858385289,-37.234632040614784
600,0.0,-25.271200904468703,-52.059753375776985,-82.51275689739813,-120.87900397612378,-180.09715688662268
601,0.0,-1.0133085671442688,-2.0874589339268144,-3.308544132069362,-4.846929545608292,-7.221421438633326
602,0.0,-0.44546623625362647,-0.9176794757109688,-1.4544875566833364,-2.130785756754803,-3.1746493940490232
603,0.0,-0.28139663155812206,-0.5796890814595106,-0.9187854561908159,-1.3459963645402864,-2.005394737379843
604,0.0,-0.33193526739044277,-0.6838008301383626,-1.0837986737313017,-1.587736358805565,-2.3655622126310836
605,0.0,-0.9915819653891331,-2.042701206213682,-3.237604812026559,-4.743005320167851,-7.0665851402041575
606,0.0,-0.35150454510789103,-0.7241143781792195,-1.1476941356470807,-1.6813415186062222,-2.5050241753830775
607,0.0,-1.7529718305784152,-3.6111968528752922,-5.723611594529592,-8.384939428859965,-12.492688573960287
608,0.0,-0.22366060540709187,-0.46075040127243094,-0.7302721082090283,-1.0698293014450833,-1.5939345064616701
609,0.0,-0.33321741955997397,-0.6864421183774272,-1.0879850165438147,-1.5938692401745447,-2.3746995686792385
610,0.0,-1.98172279770235,-4.082433616729941,-6.470504194200401,-9.479117310197877,-14.122899934703376
611,0.0,-0.45141327021490735,-0.9299306197112883,-1.473905160514778,-2.159232032203656,-3.2170313889682074
612,0.0,-0.4843628544305053,-0.9978081707063065,-1.5814885334826696,-2.3168388248711382,-3.451849135076039
613,0.0,-0.44712645556625474,-0.9210995984147476,-1.459908322916691,-2.138727035748669,-3.186481074670095
614,0.0,-0.8643260681140271,-1.7805486218232918,-2.8221027963006526,-4.134305869324474,-6.15968620085656
615,0.0,-0.48649964803604284,-1.0022100568113532,-1.5884653578916141,-2.3270596878889402,-3.4670771590494773
616,0.0,-0.6126435810889468,-1.2620719474041129,-2.0003367098476423,-2.9304403124468155,-4.366051599844937
617,0.0,-0.42475876570539745,-0.8750212018183995,-1.3868757922181219,-2.0317363121242464,-3.027076012548579
618,0.0,-0.25304437816634606,-0.5212822283462345,-0.8262127842211445,-1.2103798513626112,-1.8033402229746713
619,0.0,-0.2908658352233825,-0.5991960455069253,-0.9497032627088838,-1.391290132407936,-2.07287774558909
620,0.0,-0.28389644646300527,-0.5848388069484287,-0.926947577979759,-1.357953656833963,-2.023209860563509
621,0.0,-0.2975833271521653,-0.6130343658320335,-0.9716364814971479,-1.423421717156856,-2.120750468470601
622,0.0,-3.1211461095406285,-6.429694311983352,-10.190824375593726,-14.929287864531613,-22.24308780104759
623,0.0,-0.3551437957624878,-0.7316113899859453,-1.1595766182282048,-1.698749040947961,-2.530959575072562
624,0.0,-0.5141748420845701,-1.059222138755521,-1.6788273698611618,-2.459437642703124,-3.664306557971472
625,0.0,-0.4011081215832845,-0.8262998646397716,-1.3096542998050051,-1.91860887050871,-2.8585278782105448
626,0.0,-0.7384348107004665,-1.521207253841151,-2.411056453163233,-3.53213386084022,-5.262512472438491
627,0.0,-0.36392110382618165,-0.7496930195383549,-1.1882353230207054,-1.7407332846070462,-2.593511736062654
628,0.0,-0.6557448077636292,-1.3508623155136337,-2.14106611372646,-3.1366051627157026,-4.673215806713458
629,0.0,-3.2940455567951057,-6.7858745590916145,-10.755356710757917,-15.756312787136213,-23.47526900982796
630,0.0,-17.69064936350137,-36.44349338215947,-57.76157040600237,-84.61917115987772,-126.07377329984156
631,0.0,-26.129554919843883,-53.827999313849446,-85.3153604012955,-124.98474389840469,-186.21428279431754
632,0.0,-3.283439195278037,-6.7640250012933825,-10.72072598099038,-15.705579685023633,-23.399681958727516
633,0.0,-33.98983862500505,-70.02051951505481,-110.97989771237579,-162.5826114806146,-242.23119916379056
634,0.0,-33.99498008072701,-70.03111113347016,-110.99668503038606,-162.60720445698354,-242.26784014342917
635,0.0,-0.5120337987335912,-1.0548114979933285,-1.6718366696489346,-2.449196452000934,-3.6490482478602932
636,0.0,-35.2285393380334,-72.57229589760304,-115.02436758894062,-168.5076527551234,-251.0588950652698
637,0.0,-35.35134337939253,-72.82527746863613,-115.4253338924016,-169.09505777239386,-251.93406751103421
638,0.0,-36.43471800466536,-75.05707547532703,-118.96265004219089,-174.27713226624306,-259.6548201017924
639,0.0,-0.5456922381443603,-1.1241493209706417,-1.7817345189496177,-2.610193891210284,-3.8889177050354857
640,0.0,-4.442104099598447,-9.150924199005132,-14.503871702364917,-21.24778799185465,-31.65699651379154
641,0.0,-0.4096492566647982,-0.8438949677602636,-1.3375418784473068,-1.9594634347766209,-2.9193969342787587
642,0.0,-1.947431187662498,-4.0117914352095,-6.358538985521364,-9.315091244241431,-13.878518138342047
643,0.0,-1.1255272416870554,-2.3186341971419866,-3.674948255359753,-5.383701884110582,-8.021156453646695
644,0.0,-2.733445185689443,-5.631013847388393,-8.924945789152165,-13.074809254950887,-19.480107348639862
645,0.0,-9.04407805966085,-18.631187139743812,-29.529732960412193,-43.26027686087527,-64.45331788397833
646,0.0,-0.9521996128957991,-1.961571877777282,-3.1090178687461747,-4.55462885315203,-6.785923776212466
647,0.0,-1.8668656387959914,-3.8458229630173943,-6.0954851807948955,-8.92972438579305,-13.304361557943752
648,0.0,-0.4845592488869352,-0.9982127516759549,-1.582129779148068,-2.3177782327912215,-3.4532487552747395
649,0.0,-72.9944419657176,-150.3716685607037,-238.3334558395858,-349.1522019061887,-520.2005047661465
650,0.0,-2.2554135776492887,-4.646248314698733,-7.36412934783636,-10.788254497722047,-16.07337832790905
651,0.0,-72.17652911537076,-148.68673315011918,-235.66289639767209,-345.23990303828185,-514.3715859314087
652,0.0,-2.7837889395475055,-5.7347241308754775,-9.089322699418355,-13.315617075908284,-19.838885982512924
653,0.0,-2.892702488561196,-5.959090694315314,-9.44493528888617,-13.836580103112565,-20.615066766241682
654,0.0,-3.0013252740459326,-6.182858272464929,-9.799598509130501,-14.356152329543061,-21.389175401318358
655,0.0,-1.061021639168412,-2.1857499004609116,-3.464331628185544,-5.075154102277446,-7.561452316087802
656,0.0,-0.9533011426949329,-1.963841076217663,-3.1126144631808734,-4.5598977687636255,-6.793773913046082
657,0.0,-0.6376103661860539,-1.313504591212963,-2.0818555215976176,-3.049863213100919,-4.543979314067382
658,0.0,-1.6570004775557685,-3.4134917660301656,-5.410256445678247,-7.92588243321212,-11.808741345362824
659,0.0,-2.89950015268291,-5.973094172782585,-9.467130277136452,-13.869095173191875,-20.66351084242227
660,0.0,-1.5548865497036395,-3.203132712643285,-5.076845234372842,-7.437443837139211,-11.081018584809637
661,0.0,-77.1779641962852,-158.98990306363618,-251.99303434915498,-369.16312272687514,-550.0146977024219
662,0.0,-78.10517841984891,-160.9000039720858,-255.0204726616411,-373.5982396902743,-556.6225611799005
663,0.0,-0.3604826413749791,-0.7426096400077121,-1.177008432086261,-1.724286186668097,-2.5690072689475407
664,0.0,-78.61541088452432,-161.95110464497154,-256.6864278126477,-376.0388198732026,-560.2587720820522
665,0.0,-78.67543174488173,-162.07475018122526,-256.8824013509914,-376.32591591763753,-560.6865153596717
666,0.0,-78.67757571974157,-162.0791668610209,-256.88940162284524,-376.3361711305412,-560.7017945614062
667,0.0,-78.53308334222919,-161.7815063910492,-256.417620939993,-375.64502492257645,-559.6720585199675
668,0.0,-0.46988751500010395,-0.9679883531350688,-1.534225240853912,-2.2475993526680655,-3.348689515308103
669,0.0,-78.7248475994114,-162.1765489524587,-257.0437485860159,-376.56228534458944,-561.038681247615
670,0.0,-0.5813603033180579,-1.1976270588649849,-1.8981939781499695,-2.780803915175929,-4.14310891477312
671,0.0,-78.6065457119584,-161.93284201079123,-256.6574822223075,-375.9964153498127,-560.1955937479293
672,0.0,-78.49232989662104,-161.69755255222714,-256.2845572536685,-375.4500901455419,-559.3816259554407
673,0.0,-0.7364546791368359,-1.517128098234582,-2.4045911444922146,-3.52266235483391,-5.248400912555785
